-- phpMyAdmin SQL Dump
-- version 5.2.0
-- https://www.phpmyadmin.net/
--
-- Host: 127.0.0.1
-- Generation Time: Jun 02, 2026 at 03:44 PM
-- Server version: 10.4.27-MariaDB
-- PHP Version: 7.4.33

SET SQL_MODE = "NO_AUTO_VALUE_ON_ZERO";
START TRANSACTION;
SET time_zone = "+00:00";


/*!40101 SET @OLD_CHARACTER_SET_CLIENT=@@CHARACTER_SET_CLIENT */;
/*!40101 SET @OLD_CHARACTER_SET_RESULTS=@@CHARACTER_SET_RESULTS */;
/*!40101 SET @OLD_COLLATION_CONNECTION=@@COLLATION_CONNECTION */;
/*!40101 SET NAMES utf8mb4 */;

--
-- Database: `db_salary_employee`
--

-- --------------------------------------------------------

--
-- Table structure for table `attendance`
--

CREATE TABLE `attendance` (
  `idattendance` int(11) NOT NULL,
  `idemployee` int(11) DEFAULT NULL,
  `nik` varchar(30) DEFAULT NULL,
  `employeename` varchar(200) DEFAULT NULL,
  `attendancename` varchar(30) DEFAULT NULL,
  `attendancetime` varchar(20) NOT NULL,
  `islate` int(11) DEFAULT 0,
  `totallateperdays` int(11) DEFAULT NULL,
  `isdeleted` int(11) DEFAULT 0,
  `created_at` timestamp NOT NULL DEFAULT current_timestamp(),
  `updated_at` timestamp NOT NULL DEFAULT current_timestamp()
) ENGINE=InnoDB DEFAULT CHARSET=utf8mb4 COLLATE=utf8mb4_general_ci;

--
-- Dumping data for table `attendance`
--

INSERT INTO `attendance` (`idattendance`, `idemployee`, `nik`, `employeename`, `attendancename`, `attendancetime`, `islate`, `totallateperdays`, `isdeleted`, `created_at`, `updated_at`) VALUES
(1, 1, '202243500050', 'I Wayan Rivan Ramadhani', 'IN', '9:00am', 1, 5, 0, '2025-05-24 08:11:28', '0000-00-00 00:00:00'),
(2, 1, '202243500050', 'I Wayan Rivan Ramadhani', 'OUT', '5:30pm', 0, 0, 0, '2025-05-24 08:12:52', '0000-00-00 00:00:00'),
(3, 1, '202243500050', 'I Wayan Rivan Ramadhani', 'IN', '01:54 PM', 0, 0, 0, '2025-11-12 06:54:23', '0000-00-00 00:00:00'),
(4, 1, '202243500050', 'I Wayan Rivan Ramadhani', 'IN', '10:28 AM', 0, 0, 0, '2026-01-11 03:28:24', '0000-00-00 00:00:00');

-- --------------------------------------------------------

--
-- Table structure for table `basicsalary`
--

CREATE TABLE `basicsalary` (
  `idsalary` int(11) NOT NULL,
  `idemployeebasicsalary` int(11) DEFAULT 0,
  `basicsalary` int(11) DEFAULT NULL,
  `isdeleted` int(11) DEFAULT 0,
  `created_at` timestamp NOT NULL DEFAULT current_timestamp(),
  `updated_at` timestamp NOT NULL DEFAULT '0000-00-00 00:00:00'
) ENGINE=InnoDB DEFAULT CHARSET=utf8mb4 COLLATE=utf8mb4_general_ci;

--
-- Dumping data for table `basicsalary`
--

INSERT INTO `basicsalary` (`idsalary`, `idemployeebasicsalary`, `basicsalary`, `isdeleted`, `created_at`, `updated_at`) VALUES
(1, 1, 15000000, 0, '2025-05-24 05:16:28', '2026-01-11 04:35:14'),
(2, 2, 10000000, 0, '2025-05-24 05:16:28', '0000-00-00 00:00:00'),
(3, 3, 8000000, 0, '2025-05-24 05:16:28', '0000-00-00 00:00:00'),
(4, 4, 8000000, 0, '2025-05-24 05:16:28', '0000-00-00 00:00:00'),
(5, 5, 15000000, 0, '2025-05-24 05:16:28', '0000-00-00 00:00:00'),
(6, 6, 10000000, 0, '2025-05-24 05:16:28', '0000-00-00 00:00:00'),
(7, 7, 8000000, 0, '2025-05-24 05:16:28', '0000-00-00 00:00:00'),
(8, 8, 50000000, 0, '2025-05-24 05:16:28', '0000-00-00 00:00:00'),
(9, 9, 50000000, 0, '2025-05-24 05:16:28', '0000-00-00 00:00:00'),
(10, 10, 20000000, 0, '2025-05-24 05:16:28', '0000-00-00 00:00:00'),
(11, 11, 15000000, 0, '2025-05-24 05:16:28', '0000-00-00 00:00:00'),
(12, 12, 10000000, 0, '2025-05-24 05:16:28', '0000-00-00 00:00:00'),
(13, 13, 8000000, 0, '2025-05-24 05:16:28', '0000-00-00 00:00:00'),
(14, 14, 8000000, 0, '2025-05-24 05:16:28', '0000-00-00 00:00:00'),
(15, 15, 15000000, 0, '2025-05-24 05:16:28', '0000-00-00 00:00:00'),
(16, 16, 10000000, 0, '2025-05-24 05:16:28', '0000-00-00 00:00:00'),
(17, 17, 8000000, 0, '2025-05-24 05:16:28', '0000-00-00 00:00:00'),
(18, 18, 8000000, 0, '2025-05-24 05:16:28', '0000-00-00 00:00:00'),
(19, 19, 15000000, 0, '2025-05-24 05:16:28', '0000-00-00 00:00:00'),
(20, 20, 10000000, 0, '2025-05-24 05:16:28', '0000-00-00 00:00:00'),
(21, 21, 8000000, 0, '2025-05-24 05:16:28', '0000-00-00 00:00:00'),
(22, 22, 8000000, 0, '2025-05-24 05:16:28', '0000-00-00 00:00:00'),
(23, 23, 15000000, 0, '2025-05-24 05:16:28', '0000-00-00 00:00:00'),
(24, 24, 10000000, 0, '2025-05-24 05:16:28', '0000-00-00 00:00:00'),
(25, 25, 8000000, 0, '2025-05-24 05:16:28', '0000-00-00 00:00:00'),
(26, 26, 8000000, 0, '2025-05-24 05:16:28', '0000-00-00 00:00:00'),
(27, 27, 15000000, 0, '2025-05-24 05:16:28', '0000-00-00 00:00:00'),
(28, 28, 10000000, 0, '2025-05-24 05:16:28', '0000-00-00 00:00:00'),
(29, 29, 8000000, 0, '2025-05-24 05:16:28', '0000-00-00 00:00:00'),
(30, 30, 8000000, 0, '2025-05-24 05:16:28', '2025-11-12 04:00:23'),
(31, 1, 1000, 1, '2025-11-12 04:02:45', '0000-00-00 00:00:00'),
(32, 1, 1000, 1, '2026-01-11 03:26:57', '0000-00-00 00:00:00'),
(33, 102, 10000000, 1, '2026-05-15 07:56:06', '2026-05-15 00:56:15'),
(34, 101, 1000000, 1, '2026-06-02 03:45:56', '2026-06-01 20:46:04');

-- --------------------------------------------------------

--
-- Table structure for table `departement`
--

CREATE TABLE `departement` (
  `iddept` int(11) NOT NULL,
  `isdeleted` int(11) DEFAULT 0,
  `created_at` timestamp NOT NULL DEFAULT current_timestamp(),
  `updated_at` timestamp NOT NULL DEFAULT current_timestamp(),
  `deptname` varchar(200) DEFAULT NULL
) ENGINE=InnoDB DEFAULT CHARSET=utf8mb4 COLLATE=utf8mb4_general_ci;

--
-- Dumping data for table `departement`
--

INSERT INTO `departement` (`iddept`, `isdeleted`, `created_at`, `updated_at`, `deptname`) VALUES
(1, 0, '2025-05-24 04:19:44', '0000-00-00 00:00:00', 'SDM'),
(2, 0, '2025-05-24 04:19:44', '0000-00-00 00:00:00', 'Operasional'),
(3, 0, '2025-05-24 04:19:44', '0000-00-00 00:00:00', 'Keuangan'),
(4, 0, '2025-05-24 04:19:44', '0000-00-00 00:00:00', 'Pemasaran'),
(5, 0, '2025-05-24 04:19:44', '0000-00-00 00:00:00', 'Teknologi Informasi'),
(6, 0, '2025-05-24 04:19:44', '0000-00-00 00:00:00', 'Reset & Development'),
(7, 0, '2025-05-24 04:19:44', '0000-00-00 00:00:00', 'Legal'),
(8, 1, '2025-11-12 03:18:22', '2025-11-12 03:22:08', 'test2'),
(9, 0, '2026-05-08 08:29:26', '2026-05-08 08:29:26', 'test');

-- --------------------------------------------------------

--
-- Table structure for table `employee`
--

CREATE TABLE `employee` (
  `idemployee` int(11) NOT NULL,
  `nik` varchar(30) DEFAULT NULL,
  `employeename` varchar(250) DEFAULT NULL,
  `address` text DEFAULT NULL,
  `phonenumber` text DEFAULT NULL,
  `iddeptemployee` int(11) DEFAULT 0,
  `idlevelemployee` int(11) DEFAULT 0,
  `password` varchar(250) DEFAULT NULL,
  `isdeleted` int(11) DEFAULT 0,
  `created_at` timestamp NOT NULL DEFAULT current_timestamp(),
  `updated_at` timestamp NOT NULL DEFAULT current_timestamp()
) ENGINE=InnoDB DEFAULT CHARSET=utf8mb4 COLLATE=utf8mb4_general_ci;

--
-- Dumping data for table `employee`
--

INSERT INTO `employee` (`idemployee`, `nik`, `employeename`, `address`, `phonenumber`, `iddeptemployee`, `idlevelemployee`, `password`, `isdeleted`, `created_at`, `updated_at`) VALUES
(1, '202243500050', 'I Wayan Rivan Ramadhani', 'Jakarta Timur', '08889339533', 5, 4, 'test', 0, '2025-05-24 04:38:33', '2025-11-13 03:18:56'),
(2, '202243500103', 'Muhammad Maulana', 'Jakarta Timur', '08889339543', 5, 5, 'test', 0, '2025-05-24 04:38:33', '0000-00-00 00:00:00'),
(3, '202243500057', 'Vannesa Arda Saputra', 'Jakarta Selatan', '08899339543', 5, 6, 'test', 0, '2025-05-24 04:38:33', '0000-00-00 00:00:00'),
(4, '202243500073', 'EINNADELIA INHABITANTIA', 'Depok', '08810339543', 5, 6, 'test', 0, '2025-05-24 04:38:33', '0000-00-00 00:00:00'),
(5, '202243500005', 'LARASATI DINDA DESVIYANA', 'Depok', '08810339553', 2, 4, 'test', 0, '2025-05-24 04:38:33', '0000-00-00 00:00:00'),
(6, '202243500071', 'SYAMIL MUDZAKIR HIDAYAT', 'Jakarta Pusat', '08810334553', 2, 5, 'test', 0, '2025-05-24 04:38:33', '0000-00-00 00:00:00'),
(7, '202243500001', 'LINTANG NUR RAMADHAN', 'Jakarta Pusat', '08810334554', 2, 6, 'test', 0, '2025-05-24 04:38:33', '0000-00-00 00:00:00'),
(8, '202243500099', 'GILANG RAMADHAN', 'Bekasi Barat', '08810336554', 0, 1, 'test', 0, '2025-05-24 04:38:33', '0000-00-00 00:00:00'),
(9, '202243500028', 'DEDI RISMAWAN', 'Bekasi Barat', '08810336555', 0, 2, 'test', 0, '2025-05-24 04:38:33', '0000-00-00 00:00:00'),
(10, '202243500118', 'MOCHAMAD IKHSAN', 'Bekasi Timur', '08811336555', 0, 3, 'test', 0, '2025-05-24 04:38:33', '0000-00-00 00:00:00'),
(11, '202243500096', 'RD SAID MUHAMMAD ISKANDAR', 'Jakarta Barat', '08889339583', 1, 4, 'test', 0, '2025-05-24 04:38:33', '0000-00-00 00:00:00'),
(12, '202243500023', 'IBNU SAKSENA', 'Jakarta Pusat', '08889339573', 1, 5, 'test', 0, '2025-05-24 04:38:33', '0000-00-00 00:00:00'),
(13, '202243500017', 'AHMAD RIZAL NASUHA', 'Bekasi', '088993395663', 1, 6, 'test', 0, '2025-05-24 04:38:33', '0000-00-00 00:00:00'),
(14, '202243500076', 'ILHAN SEPTYAN MAHENDRA', 'Depok', '088199339543', 1, 6, 'test', 0, '2025-05-24 04:38:33', '0000-00-00 00:00:00'),
(15, '202243500107', 'ACHMAD ALPIAN', 'Jakarta Barat', '08579339583', 3, 4, 'test', 0, '2025-05-24 04:38:33', '0000-00-00 00:00:00'),
(16, '202243500098', 'SRI IKA WATI', 'Jakarta Pusat', '08579339573', 3, 5, 'test', 0, '2025-05-24 04:38:33', '0000-00-00 00:00:00'),
(17, '202243500070', 'SUTHAN MUHAMAD TAUHID', 'Bekasi', '085793395663', 3, 6, 'test', 0, '2025-05-24 04:38:33', '0000-00-00 00:00:00'),
(18, '202243500027', 'SALSABILA FATIMAH JAMALIA', 'Depok', '0857199339543', 3, 6, 'test', 0, '2025-05-24 04:38:33', '0000-00-00 00:00:00'),
(19, '202243500104', 'HARI PREDIANSYAH', 'Jakarta Barat', '08579339583', 4, 4, 'test', 0, '2025-05-24 04:38:33', '0000-00-00 00:00:00'),
(20, '202243500020', 'ALI HAMZAH', 'Jakarta Pusat', '08579339573', 4, 5, 'test', 0, '2025-05-24 04:38:33', '0000-00-00 00:00:00'),
(21, '202243500097', 'RISMAN SAMBEIGA', 'Bekasi', '085793395663', 4, 6, 'test', 0, '2025-05-24 04:38:33', '0000-00-00 00:00:00'),
(22, '202243500009', 'SAFFIRAH MAYNINGSIH', 'Depok', '0857199339543', 4, 6, 'test', 0, '2025-05-24 04:38:33', '0000-00-00 00:00:00'),
(23, '202243500035', 'IRSAL HAKIM ALAMSYAH', 'Jakarta Barat', '08579339583', 6, 4, 'test', 0, '2025-05-24 04:38:33', '0000-00-00 00:00:00'),
(24, '202243500109', 'HADEAN AMRULLOH', 'Jakarta Pusat', '08579339573', 6, 5, 'test', 0, '2025-05-24 04:38:33', '0000-00-00 00:00:00'),
(25, '202243500117', 'DENDY APRIAN SAPUTRA', 'Bekasi', '085793395663', 6, 6, 'test', 0, '2025-05-24 04:38:33', '0000-00-00 00:00:00'),
(26, '202243500013', 'AHMAD MUSAKKIR RAIHANNUDDIN', 'Depok', '0857199339543', 6, 6, 'test', 0, '2025-05-24 04:38:33', '0000-00-00 00:00:00'),
(27, '202243500066', 'AHMAD KOMARUDIN', 'Jakarta Barat', '08579339583', 7, 4, 'test', 0, '2025-05-24 04:38:33', '0000-00-00 00:00:00'),
(28, '202243500004', 'DINI PARDINI', 'Jakarta Pusat', '08579339573', 7, 5, 'test', 0, '2025-05-24 04:38:33', '0000-00-00 00:00:00'),
(29, '202243500011', 'ILHAM RAHMAN', 'Bekasi', '085793395663', 7, 6, 'test', 0, '2025-05-24 04:38:33', '0000-00-00 00:00:00'),
(30, '202243500046', 'BUNGA FEBRIYANI WIJAYA', 'Depok', '0857199339543', 7, 6, 'test', 0, '2025-05-24 04:38:33', '0000-00-00 00:00:00'),
(31, '1', 'test', 'test', '123', 2, 4, NULL, 1, '2025-11-12 04:36:03', '2025-11-12 04:36:12'),
(32, '123', 'test', '', '', 5, 6, 'kepo1121', 1, '2026-04-21 08:05:37', '2026-04-21 08:05:37'),
(101, '202243500681', 'Wahyu', 'australia', '089518162387', 5, 5, 'kepo1121', 0, '2026-04-30 08:43:16', '2026-04-30 08:43:16'),
(102, '123', 'kocak', '1', '1', 1, 1, 'kepo1121', 1, '2026-05-15 07:55:20', '2026-05-15 07:55:20'),
(103, '123', 'employee', '', '', 5, 6, 'admin', 1, '2026-06-02 10:04:08', '2026-06-02 03:36:13');

-- --------------------------------------------------------

--
-- Table structure for table `level`
--

CREATE TABLE `level` (
  `idlevel` int(11) NOT NULL,
  `levelname` varchar(200) DEFAULT NULL,
  `isdeleted` int(11) DEFAULT 0,
  `created_at` timestamp NOT NULL DEFAULT current_timestamp(),
  `updated_at` timestamp NOT NULL DEFAULT current_timestamp()
) ENGINE=InnoDB DEFAULT CHARSET=utf8mb4 COLLATE=utf8mb4_general_ci;

--
-- Dumping data for table `level`
--

INSERT INTO `level` (`idlevel`, `levelname`, `isdeleted`, `created_at`, `updated_at`) VALUES
(1, 'CEO', 0, '2025-05-24 04:21:21', '0000-00-00 00:00:00'),
(2, 'COO', 0, '2025-05-24 04:21:21', '0000-00-00 00:00:00'),
(3, 'GM', 0, '2025-05-24 04:21:21', '0000-00-00 00:00:00'),
(4, 'Kepala Departemen', 0, '2025-05-24 04:21:21', '0000-00-00 00:00:00'),
(5, 'Team Leader', 0, '2025-05-24 04:21:21', '0000-00-00 00:00:00'),
(6, 'Employee', 0, '2025-05-24 04:21:21', '0000-00-00 00:00:00'),
(7, 'test', 0, '2026-05-02 14:02:39', '2026-05-02 14:02:39');

-- --------------------------------------------------------

--
-- Table structure for table `overtime`
--

CREATE TABLE `overtime` (
  `idovertime` int(11) NOT NULL,
  `idemployeeovertime` int(11) DEFAULT 0,
  `overtimereason` varchar(250) DEFAULT NULL,
  `starttime` varchar(30) DEFAULT NULL,
  `endtime` varchar(30) DEFAULT NULL,
  `duration` int(11) DEFAULT NULL,
  `created_at` timestamp NOT NULL DEFAULT current_timestamp(),
  `updated_at` timestamp NOT NULL DEFAULT '0000-00-00 00:00:00',
  `isdeleted` int(11) DEFAULT 0
) ENGINE=InnoDB DEFAULT CHARSET=utf8mb4 COLLATE=utf8mb4_general_ci;

--
-- Dumping data for table `overtime`
--

INSERT INTO `overtime` (`idovertime`, `idemployeeovertime`, `overtimereason`, `starttime`, `endtime`, `duration`, `created_at`, `updated_at`, `isdeleted`) VALUES
(1, 1, 'test', '5:30pm', '6:30pm', 60, '2025-05-24 08:15:24', '0000-00-00 00:00:00', 0),
(2, 1, 'test', '5:30pm', '6:30pm', 60, '2025-05-26 15:13:25', '0000-00-00 00:00:00', 0),
(3, 1, 'testing', '5:00pm', '6:00pm', 60, '2025-11-13 03:18:26', '2025-11-13 03:51:43', 0),
(4, 1, 'testing', '9:30pm', '10:30pm', 60, '2026-01-11 05:48:25', '0000-00-00 00:00:00', 0);

-- --------------------------------------------------------

--
-- Table structure for table `resign`
--

CREATE TABLE `resign` (
  `idresign` int(11) NOT NULL,
  `employeename` varchar(250) DEFAULT NULL,
  `notes` text DEFAULT NULL,
  `isdeleted` int(11) DEFAULT 0,
  `created_at` timestamp NOT NULL DEFAULT current_timestamp(),
  `updated_at` timestamp NOT NULL DEFAULT '0000-00-00 00:00:00'
) ENGINE=InnoDB DEFAULT CHARSET=utf8mb4 COLLATE=utf8mb4_general_ci;

--
-- Dumping data for table `resign`
--

INSERT INTO `resign` (`idresign`, `employeename`, `notes`, `isdeleted`, `created_at`, `updated_at`) VALUES
(1, 'I Wayan Rivan Ramadhani', 'sudah mendapatkan pekerjaan yang baru', 0, '2025-05-26 15:14:39', '0000-00-00 00:00:00');

-- --------------------------------------------------------

--
-- Table structure for table `roles`
--

CREATE TABLE `roles` (
  `id` int(100) NOT NULL,
  `name` varchar(250) NOT NULL,
  `password` varchar(255) DEFAULT NULL,
  `description` varchar(250) DEFAULT NULL,
  `create_at` timestamp NOT NULL DEFAULT current_timestamp()
) ENGINE=InnoDB DEFAULT CHARSET=utf8mb4 COLLATE=utf8mb4_general_ci;

--
-- Dumping data for table `roles`
--

INSERT INTO `roles` (`id`, `name`, `password`, `description`, `create_at`) VALUES
(1, 'admin', 'admin', 'admin', '2026-04-28 10:32:50');

-- --------------------------------------------------------

--
-- Table structure for table `salarypermonth`
--

CREATE TABLE `salarypermonth` (
  `idsalarypermonth` int(11) NOT NULL,
  `basicsalary` int(11) DEFAULT NULL,
  `overtimebonus` int(11) DEFAULT NULL,
  `cut_late` int(11) DEFAULT NULL,
  `totalsalarythismonth` bigint(20) DEFAULT 0,
  `isdeleted` int(11) DEFAULT 0,
  `created_at` timestamp NOT NULL DEFAULT current_timestamp(),
  `updated_at` timestamp NOT NULL DEFAULT '0000-00-00 00:00:00',
  `nik` varchar(100) DEFAULT NULL,
  `idemployee` int(11) DEFAULT NULL
) ENGINE=InnoDB DEFAULT CHARSET=utf8mb4 COLLATE=utf8mb4_general_ci;

--
-- Dumping data for table `salarypermonth`
--

INSERT INTO `salarypermonth` (`idsalarypermonth`, `basicsalary`, `overtimebonus`, `cut_late`, `totalsalarythismonth`, `isdeleted`, `created_at`, `updated_at`, `nik`, `idemployee`) VALUES
(1, 15000000, 300000, 0, 15300000, 1, '2025-05-24 08:16:13', '0000-00-00 00:00:00', '202243500050', 1),
(2, 10000000, 0, 0, 10000000, 1, '2025-05-24 08:16:13', '0000-00-00 00:00:00', '202243500103', 2),
(3, 8000000, 0, 0, 8000000, 1, '2025-05-24 08:16:13', '0000-00-00 00:00:00', '202243500057', 3),
(4, 8000000, 0, 0, 8000000, 1, '2025-05-24 08:16:13', '0000-00-00 00:00:00', '202243500073', 4),
(5, 15000000, 0, 0, 15000000, 1, '2025-05-24 08:16:13', '0000-00-00 00:00:00', '202243500005', 5),
(6, 10000000, 0, 0, 10000000, 1, '2025-05-24 08:16:13', '0000-00-00 00:00:00', '202243500071', 6),
(7, 8000000, 0, 0, 8000000, 1, '2025-05-24 08:16:13', '0000-00-00 00:00:00', '202243500001', 7),
(8, 50000000, 0, 0, 50000000, 1, '2025-05-24 08:16:13', '0000-00-00 00:00:00', '202243500099', 8),
(9, 50000000, 0, 0, 50000000, 1, '2025-05-24 08:16:13', '0000-00-00 00:00:00', '202243500028', 9),
(10, 20000000, 0, 0, 20000000, 1, '2025-05-24 08:16:13', '0000-00-00 00:00:00', '202243500118', 10),
(11, 15000000, 0, 0, 15000000, 1, '2025-05-24 08:16:13', '0000-00-00 00:00:00', '202243500096', 11),
(12, 10000000, 0, 0, 10000000, 1, '2025-05-24 08:16:13', '0000-00-00 00:00:00', '202243500023', 12),
(13, 8000000, 0, 0, 8000000, 1, '2025-05-24 08:16:13', '0000-00-00 00:00:00', '202243500017', 13),
(14, 8000000, 0, 0, 8000000, 1, '2025-05-24 08:16:13', '0000-00-00 00:00:00', '202243500076', 14),
(15, 15000000, 0, 0, 15000000, 1, '2025-05-24 08:16:13', '0000-00-00 00:00:00', '202243500107', 15),
(16, 10000000, 0, 0, 10000000, 1, '2025-05-24 08:16:13', '0000-00-00 00:00:00', '202243500098', 16),
(17, 8000000, 0, 0, 8000000, 1, '2025-05-24 08:16:13', '0000-00-00 00:00:00', '202243500070', 17),
(18, 8000000, 0, 0, 8000000, 1, '2025-05-24 08:16:13', '0000-00-00 00:00:00', '202243500027', 18),
(19, 15000000, 0, 0, 15000000, 1, '2025-05-24 08:16:13', '0000-00-00 00:00:00', '202243500104', 19),
(20, 10000000, 0, 0, 10000000, 1, '2025-05-24 08:16:13', '0000-00-00 00:00:00', '202243500020', 20),
(21, 8000000, 0, 0, 8000000, 1, '2025-05-24 08:16:13', '0000-00-00 00:00:00', '202243500097', 21),
(22, 8000000, 0, 0, 8000000, 1, '2025-05-24 08:16:13', '0000-00-00 00:00:00', '202243500009', 22),
(23, 15000000, 0, 0, 15000000, 1, '2025-05-24 08:16:13', '0000-00-00 00:00:00', '202243500035', 23),
(24, 10000000, 0, 0, 10000000, 1, '2025-05-24 08:16:13', '0000-00-00 00:00:00', '202243500109', 24),
(25, 8000000, 0, 0, 8000000, 1, '2025-05-24 08:16:13', '0000-00-00 00:00:00', '202243500117', 25),
(26, 8000000, 0, 0, 8000000, 1, '2025-05-24 08:16:13', '0000-00-00 00:00:00', '202243500013', 26),
(27, 15000000, 0, 0, 15000000, 1, '2025-05-24 08:16:13', '0000-00-00 00:00:00', '202243500066', 27),
(28, 10000000, 0, 0, 10000000, 1, '2025-05-24 08:16:13', '0000-00-00 00:00:00', '202243500004', 28),
(29, 8000000, 0, 0, 8000000, 1, '2025-05-24 08:16:13', '0000-00-00 00:00:00', '202243500011', 29),
(30, 8000000, 0, 0, 8000000, 1, '2025-05-24 08:16:13', '0000-00-00 00:00:00', '202243500046', 30),
(31, 15000000, 0, 0, 15000000, 1, '2025-05-24 08:17:16', '0000-00-00 00:00:00', '202243500050', 1),
(32, 10000000, 0, 0, 10000000, 1, '2025-05-24 08:17:16', '0000-00-00 00:00:00', '202243500103', 2),
(33, 8000000, 0, 0, 8000000, 1, '2025-05-24 08:17:16', '0000-00-00 00:00:00', '202243500057', 3),
(34, 8000000, 0, 0, 8000000, 1, '2025-05-24 08:17:16', '0000-00-00 00:00:00', '202243500073', 4),
(35, 15000000, 0, 0, 15000000, 1, '2025-05-24 08:17:16', '0000-00-00 00:00:00', '202243500005', 5),
(36, 10000000, 0, 0, 10000000, 1, '2025-05-24 08:17:16', '0000-00-00 00:00:00', '202243500071', 6),
(37, 8000000, 0, 0, 8000000, 1, '2025-05-24 08:17:16', '0000-00-00 00:00:00', '202243500001', 7),
(38, 50000000, 0, 0, 50000000, 1, '2025-05-24 08:17:16', '0000-00-00 00:00:00', '202243500099', 8),
(39, 50000000, 0, 0, 50000000, 1, '2025-05-24 08:17:16', '0000-00-00 00:00:00', '202243500028', 9),
(40, 20000000, 0, 0, 20000000, 1, '2025-05-24 08:17:16', '0000-00-00 00:00:00', '202243500118', 10),
(41, 15000000, 0, 0, 15000000, 1, '2025-05-24 08:17:16', '0000-00-00 00:00:00', '202243500096', 11),
(42, 10000000, 0, 0, 10000000, 1, '2025-05-24 08:17:16', '0000-00-00 00:00:00', '202243500023', 12),
(43, 8000000, 0, 0, 8000000, 1, '2025-05-24 08:17:16', '0000-00-00 00:00:00', '202243500017', 13),
(44, 8000000, 0, 0, 8000000, 1, '2025-05-24 08:17:16', '0000-00-00 00:00:00', '202243500076', 14),
(45, 15000000, 0, 0, 15000000, 1, '2025-05-24 08:17:16', '0000-00-00 00:00:00', '202243500107', 15),
(46, 10000000, 0, 0, 10000000, 1, '2025-05-24 08:17:16', '0000-00-00 00:00:00', '202243500098', 16),
(47, 8000000, 0, 0, 8000000, 1, '2025-05-24 08:17:16', '0000-00-00 00:00:00', '202243500070', 17),
(48, 8000000, 0, 0, 8000000, 1, '2025-05-24 08:17:16', '0000-00-00 00:00:00', '202243500027', 18),
(49, 15000000, 0, 0, 15000000, 1, '2025-05-24 08:17:16', '0000-00-00 00:00:00', '202243500104', 19),
(50, 10000000, 0, 0, 10000000, 1, '2025-05-24 08:17:16', '0000-00-00 00:00:00', '202243500020', 20),
(51, 8000000, 0, 0, 8000000, 1, '2025-05-24 08:17:16', '0000-00-00 00:00:00', '202243500097', 21),
(52, 8000000, 0, 0, 8000000, 1, '2025-05-24 08:17:16', '0000-00-00 00:00:00', '202243500009', 22),
(53, 15000000, 0, 0, 15000000, 1, '2025-05-24 08:17:16', '0000-00-00 00:00:00', '202243500035', 23),
(54, 10000000, 0, 0, 10000000, 1, '2025-05-24 08:17:16', '0000-00-00 00:00:00', '202243500109', 24),
(55, 8000000, 0, 0, 8000000, 1, '2025-05-24 08:17:16', '0000-00-00 00:00:00', '202243500117', 25),
(56, 8000000, 0, 0, 8000000, 1, '2025-05-24 08:17:16', '0000-00-00 00:00:00', '202243500013', 26),
(57, 15000000, 0, 0, 15000000, 1, '2025-05-24 08:17:16', '0000-00-00 00:00:00', '202243500066', 27),
(58, 10000000, 0, 0, 10000000, 1, '2025-05-24 08:17:16', '0000-00-00 00:00:00', '202243500004', 28),
(59, 8000000, 0, 0, 8000000, 1, '2025-05-24 08:17:16', '0000-00-00 00:00:00', '202243500011', 29),
(60, 8000000, 0, 0, 8000000, 1, '2025-05-24 08:17:16', '0000-00-00 00:00:00', '202243500046', 30),
(61, 15000000, 600000, 0, 15600000, 0, '2025-05-26 15:13:44', '0000-00-00 00:00:00', '202243500050', 1),
(62, 10000000, 0, 0, 10000000, 0, '2025-05-26 15:13:44', '0000-00-00 00:00:00', '202243500103', 2),
(63, 8000000, 0, 0, 8000000, 0, '2025-05-26 15:13:44', '0000-00-00 00:00:00', '202243500057', 3),
(64, 8000000, 0, 0, 8000000, 0, '2025-05-26 15:13:44', '0000-00-00 00:00:00', '202243500073', 4),
(65, 15000000, 0, 0, 15000000, 0, '2025-05-26 15:13:44', '0000-00-00 00:00:00', '202243500005', 5),
(66, 10000000, 0, 0, 10000000, 0, '2025-05-26 15:13:44', '0000-00-00 00:00:00', '202243500071', 6),
(67, 8000000, 0, 0, 8000000, 0, '2025-05-26 15:13:44', '0000-00-00 00:00:00', '202243500001', 7),
(68, 50000000, 0, 0, 50000000, 0, '2025-05-26 15:13:44', '0000-00-00 00:00:00', '202243500099', 8),
(69, 50000000, 0, 0, 50000000, 0, '2025-05-26 15:13:44', '0000-00-00 00:00:00', '202243500028', 9),
(70, 20000000, 0, 0, 20000000, 0, '2025-05-26 15:13:44', '0000-00-00 00:00:00', '202243500118', 10),
(71, 15000000, 0, 0, 15000000, 0, '2025-05-26 15:13:44', '0000-00-00 00:00:00', '202243500096', 11),
(72, 10000000, 0, 0, 10000000, 0, '2025-05-26 15:13:44', '0000-00-00 00:00:00', '202243500023', 12),
(73, 8000000, 0, 0, 8000000, 0, '2025-05-26 15:13:44', '0000-00-00 00:00:00', '202243500017', 13),
(74, 8000000, 0, 0, 8000000, 0, '2025-05-26 15:13:44', '0000-00-00 00:00:00', '202243500076', 14),
(75, 15000000, 0, 0, 15000000, 0, '2025-05-26 15:13:44', '0000-00-00 00:00:00', '202243500107', 15),
(76, 10000000, 0, 0, 10000000, 0, '2025-05-26 15:13:44', '0000-00-00 00:00:00', '202243500098', 16),
(77, 8000000, 0, 0, 8000000, 0, '2025-05-26 15:13:44', '0000-00-00 00:00:00', '202243500070', 17),
(78, 8000000, 0, 0, 8000000, 0, '2025-05-26 15:13:44', '0000-00-00 00:00:00', '202243500027', 18),
(79, 15000000, 0, 0, 15000000, 0, '2025-05-26 15:13:44', '0000-00-00 00:00:00', '202243500104', 19),
(80, 10000000, 0, 0, 10000000, 0, '2025-05-26 15:13:44', '0000-00-00 00:00:00', '202243500020', 20),
(81, 8000000, 0, 0, 8000000, 0, '2025-05-26 15:13:44', '0000-00-00 00:00:00', '202243500097', 21),
(82, 8000000, 0, 0, 8000000, 0, '2025-05-26 15:13:44', '0000-00-00 00:00:00', '202243500009', 22),
(83, 15000000, 0, 0, 15000000, 0, '2025-05-26 15:13:44', '0000-00-00 00:00:00', '202243500035', 23),
(84, 10000000, 0, 0, 10000000, 0, '2025-05-26 15:13:44', '0000-00-00 00:00:00', '202243500109', 24),
(85, 8000000, 0, 0, 8000000, 0, '2025-05-26 15:13:44', '0000-00-00 00:00:00', '202243500117', 25),
(86, 8000000, 0, 0, 8000000, 0, '2025-05-26 15:13:44', '0000-00-00 00:00:00', '202243500013', 26),
(87, 15000000, 0, 0, 15000000, 0, '2025-05-26 15:13:44', '0000-00-00 00:00:00', '202243500066', 27),
(88, 10000000, 0, 0, 10000000, 0, '2025-05-26 15:13:44', '0000-00-00 00:00:00', '202243500004', 28),
(89, 8000000, 0, 0, 8000000, 0, '2025-05-26 15:13:44', '0000-00-00 00:00:00', '202243500011', 29),
(90, 8000000, 0, 0, 8000000, 0, '2025-05-26 15:13:44', '0000-00-00 00:00:00', '202243500046', 30),
(91, 15000000, 0, 0, 15000000, 0, '2025-05-26 15:14:10', '0000-00-00 00:00:00', '202243500050', 1),
(92, 10000000, 0, 0, 10000000, 0, '2025-05-26 15:14:10', '0000-00-00 00:00:00', '202243500103', 2),
(93, 8000000, 0, 0, 8000000, 0, '2025-05-26 15:14:10', '0000-00-00 00:00:00', '202243500057', 3),
(94, 8000000, 0, 0, 8000000, 0, '2025-05-26 15:14:10', '0000-00-00 00:00:00', '202243500073', 4),
(95, 15000000, 0, 0, 15000000, 0, '2025-05-26 15:14:10', '0000-00-00 00:00:00', '202243500005', 5),
(96, 10000000, 0, 0, 10000000, 0, '2025-05-26 15:14:10', '0000-00-00 00:00:00', '202243500071', 6),
(97, 8000000, 0, 0, 8000000, 0, '2025-05-26 15:14:10', '0000-00-00 00:00:00', '202243500001', 7),
(98, 50000000, 0, 0, 50000000, 0, '2025-05-26 15:14:10', '0000-00-00 00:00:00', '202243500099', 8),
(99, 50000000, 0, 0, 50000000, 0, '2025-05-26 15:14:10', '0000-00-00 00:00:00', '202243500028', 9),
(100, 20000000, 0, 0, 20000000, 0, '2025-05-26 15:14:10', '0000-00-00 00:00:00', '202243500118', 10),
(101, 15000000, 0, 0, 15000000, 0, '2025-05-26 15:14:10', '0000-00-00 00:00:00', '202243500096', 11),
(102, 10000000, 0, 0, 10000000, 0, '2025-05-26 15:14:10', '0000-00-00 00:00:00', '202243500023', 12),
(103, 8000000, 0, 0, 8000000, 0, '2025-05-26 15:14:10', '0000-00-00 00:00:00', '202243500017', 13),
(104, 8000000, 0, 0, 8000000, 0, '2025-05-26 15:14:10', '0000-00-00 00:00:00', '202243500076', 14),
(105, 15000000, 0, 0, 15000000, 0, '2025-05-26 15:14:10', '0000-00-00 00:00:00', '202243500107', 15),
(106, 10000000, 0, 0, 10000000, 0, '2025-05-26 15:14:10', '0000-00-00 00:00:00', '202243500098', 16),
(107, 8000000, 0, 0, 8000000, 0, '2025-05-26 15:14:10', '0000-00-00 00:00:00', '202243500070', 17),
(108, 8000000, 0, 0, 8000000, 0, '2025-05-26 15:14:10', '0000-00-00 00:00:00', '202243500027', 18),
(109, 15000000, 0, 0, 15000000, 0, '2025-05-26 15:14:10', '0000-00-00 00:00:00', '202243500104', 19),
(110, 10000000, 0, 0, 10000000, 0, '2025-05-26 15:14:10', '0000-00-00 00:00:00', '202243500020', 20),
(111, 8000000, 0, 0, 8000000, 0, '2025-05-26 15:14:10', '0000-00-00 00:00:00', '202243500097', 21),
(112, 8000000, 0, 0, 8000000, 0, '2025-05-26 15:14:10', '0000-00-00 00:00:00', '202243500009', 22),
(113, 15000000, 0, 0, 15000000, 0, '2025-05-26 15:14:10', '0000-00-00 00:00:00', '202243500035', 23),
(114, 10000000, 0, 0, 10000000, 0, '2025-05-26 15:14:10', '0000-00-00 00:00:00', '202243500109', 24),
(115, 8000000, 0, 0, 8000000, 0, '2025-05-26 15:14:10', '0000-00-00 00:00:00', '202243500117', 25),
(116, 8000000, 0, 0, 8000000, 0, '2025-05-26 15:14:10', '0000-00-00 00:00:00', '202243500013', 26),
(117, 15000000, 0, 0, 15000000, 0, '2025-05-26 15:14:10', '0000-00-00 00:00:00', '202243500066', 27),
(118, 10000000, 0, 0, 10000000, 0, '2025-05-26 15:14:10', '0000-00-00 00:00:00', '202243500004', 28),
(119, 8000000, 0, 0, 8000000, 0, '2025-05-26 15:14:10', '0000-00-00 00:00:00', '202243500011', 29),
(120, 8000000, 0, 0, 8000000, 0, '2025-05-26 15:14:10', '0000-00-00 00:00:00', '202243500046', 30),
(121, 15000000, 0, 0, 15000000, 0, '2025-10-26 06:46:21', '0000-00-00 00:00:00', '202243500050', 1),
(122, 10000000, 0, 0, 10000000, 0, '2025-10-26 06:46:21', '0000-00-00 00:00:00', '202243500103', 2),
(123, 8000000, 0, 0, 8000000, 0, '2025-10-26 06:46:21', '0000-00-00 00:00:00', '202243500057', 3),
(124, 8000000, 0, 0, 8000000, 0, '2025-10-26 06:46:21', '0000-00-00 00:00:00', '202243500073', 4),
(125, 15000000, 0, 0, 15000000, 0, '2025-10-26 06:46:21', '0000-00-00 00:00:00', '202243500005', 5),
(126, 10000000, 0, 0, 10000000, 0, '2025-10-26 06:46:21', '0000-00-00 00:00:00', '202243500071', 6),
(127, 8000000, 0, 0, 8000000, 0, '2025-10-26 06:46:21', '0000-00-00 00:00:00', '202243500001', 7),
(128, 50000000, 0, 0, 50000000, 0, '2025-10-26 06:46:21', '0000-00-00 00:00:00', '202243500099', 8),
(129, 50000000, 0, 0, 50000000, 0, '2025-10-26 06:46:21', '0000-00-00 00:00:00', '202243500028', 9),
(130, 20000000, 0, 0, 20000000, 0, '2025-10-26 06:46:21', '0000-00-00 00:00:00', '202243500118', 10),
(131, 15000000, 0, 0, 15000000, 0, '2025-10-26 06:46:21', '0000-00-00 00:00:00', '202243500096', 11),
(132, 10000000, 0, 0, 10000000, 0, '2025-10-26 06:46:21', '0000-00-00 00:00:00', '202243500023', 12),
(133, 8000000, 0, 0, 8000000, 0, '2025-10-26 06:46:21', '0000-00-00 00:00:00', '202243500017', 13),
(134, 8000000, 0, 0, 8000000, 0, '2025-10-26 06:46:21', '0000-00-00 00:00:00', '202243500076', 14),
(135, 15000000, 0, 0, 15000000, 0, '2025-10-26 06:46:21', '0000-00-00 00:00:00', '202243500107', 15),
(136, 10000000, 0, 0, 10000000, 0, '2025-10-26 06:46:21', '0000-00-00 00:00:00', '202243500098', 16),
(137, 8000000, 0, 0, 8000000, 0, '2025-10-26 06:46:21', '0000-00-00 00:00:00', '202243500070', 17),
(138, 8000000, 0, 0, 8000000, 0, '2025-10-26 06:46:21', '0000-00-00 00:00:00', '202243500027', 18),
(139, 15000000, 0, 0, 15000000, 0, '2025-10-26 06:46:21', '0000-00-00 00:00:00', '202243500104', 19),
(140, 10000000, 0, 0, 10000000, 0, '2025-10-26 06:46:21', '0000-00-00 00:00:00', '202243500020', 20),
(141, 8000000, 0, 0, 8000000, 0, '2025-10-26 06:46:21', '0000-00-00 00:00:00', '202243500097', 21),
(142, 8000000, 0, 0, 8000000, 0, '2025-10-26 06:46:21', '0000-00-00 00:00:00', '202243500009', 22),
(143, 15000000, 0, 0, 15000000, 0, '2025-10-26 06:46:21', '0000-00-00 00:00:00', '202243500035', 23),
(144, 10000000, 0, 0, 10000000, 0, '2025-10-26 06:46:21', '0000-00-00 00:00:00', '202243500109', 24),
(145, 8000000, 0, 0, 8000000, 0, '2025-10-26 06:46:21', '0000-00-00 00:00:00', '202243500117', 25),
(146, 8000000, 0, 0, 8000000, 0, '2025-10-26 06:46:21', '0000-00-00 00:00:00', '202243500013', 26),
(147, 15000000, 0, 0, 15000000, 0, '2025-10-26 06:46:21', '0000-00-00 00:00:00', '202243500066', 27),
(148, 10000000, 0, 0, 10000000, 0, '2025-10-26 06:46:21', '0000-00-00 00:00:00', '202243500004', 28),
(149, 8000000, 0, 0, 8000000, 0, '2025-10-26 06:46:21', '0000-00-00 00:00:00', '202243500011', 29),
(150, 8000000, 0, 0, 8000000, 0, '2025-10-26 06:46:21', '0000-00-00 00:00:00', '202243500046', 30),
(151, 15000000, 300000, 0, 15300000, 0, '2025-11-13 05:58:26', '0000-00-00 00:00:00', '202243500050', 1),
(152, 10000000, 0, 0, 10000000, 0, '2025-11-13 05:58:26', '0000-00-00 00:00:00', '202243500103', 2),
(153, 8000000, 0, 0, 8000000, 0, '2025-11-13 05:58:26', '0000-00-00 00:00:00', '202243500057', 3),
(154, 8000000, 0, 0, 8000000, 0, '2025-11-13 05:58:26', '0000-00-00 00:00:00', '202243500073', 4),
(155, 15000000, 0, 0, 15000000, 0, '2025-11-13 05:58:26', '0000-00-00 00:00:00', '202243500005', 5),
(156, 10000000, 0, 0, 10000000, 0, '2025-11-13 05:58:26', '0000-00-00 00:00:00', '202243500071', 6),
(157, 8000000, 0, 0, 8000000, 0, '2025-11-13 05:58:26', '0000-00-00 00:00:00', '202243500001', 7),
(158, 50000000, 0, 0, 50000000, 0, '2025-11-13 05:58:26', '0000-00-00 00:00:00', '202243500099', 8),
(159, 50000000, 0, 0, 50000000, 0, '2025-11-13 05:58:26', '0000-00-00 00:00:00', '202243500028', 9),
(160, 20000000, 0, 0, 20000000, 0, '2025-11-13 05:58:26', '0000-00-00 00:00:00', '202243500118', 10),
(161, 15000000, 0, 0, 15000000, 0, '2025-11-13 05:58:26', '0000-00-00 00:00:00', '202243500096', 11),
(162, 10000000, 0, 0, 10000000, 0, '2025-11-13 05:58:26', '0000-00-00 00:00:00', '202243500023', 12),
(163, 8000000, 0, 0, 8000000, 0, '2025-11-13 05:58:26', '0000-00-00 00:00:00', '202243500017', 13),
(164, 8000000, 0, 0, 8000000, 0, '2025-11-13 05:58:26', '0000-00-00 00:00:00', '202243500076', 14),
(165, 15000000, 0, 0, 15000000, 0, '2025-11-13 05:58:26', '0000-00-00 00:00:00', '202243500107', 15),
(166, 10000000, 0, 0, 10000000, 0, '2025-11-13 05:58:26', '0000-00-00 00:00:00', '202243500098', 16),
(167, 8000000, 0, 0, 8000000, 0, '2025-11-13 05:58:26', '0000-00-00 00:00:00', '202243500070', 17),
(168, 8000000, 0, 0, 8000000, 0, '2025-11-13 05:58:26', '0000-00-00 00:00:00', '202243500027', 18),
(169, 15000000, 0, 0, 15000000, 0, '2025-11-13 05:58:26', '0000-00-00 00:00:00', '202243500104', 19),
(170, 10000000, 0, 0, 10000000, 0, '2025-11-13 05:58:26', '0000-00-00 00:00:00', '202243500020', 20),
(171, 8000000, 0, 0, 8000000, 0, '2025-11-13 05:58:26', '0000-00-00 00:00:00', '202243500097', 21),
(172, 8000000, 0, 0, 8000000, 0, '2025-11-13 05:58:26', '0000-00-00 00:00:00', '202243500009', 22),
(173, 15000000, 0, 0, 15000000, 0, '2025-11-13 05:58:26', '0000-00-00 00:00:00', '202243500035', 23),
(174, 10000000, 0, 0, 10000000, 0, '2025-11-13 05:58:26', '0000-00-00 00:00:00', '202243500109', 24),
(175, 8000000, 0, 0, 8000000, 0, '2025-11-13 05:58:26', '0000-00-00 00:00:00', '202243500117', 25),
(176, 8000000, 0, 0, 8000000, 0, '2025-11-13 05:58:26', '0000-00-00 00:00:00', '202243500013', 26),
(177, 15000000, 0, 0, 15000000, 0, '2025-11-13 05:58:26', '0000-00-00 00:00:00', '202243500066', 27),
(178, 10000000, 0, 0, 10000000, 0, '2025-11-13 05:58:26', '0000-00-00 00:00:00', '202243500004', 28),
(179, 8000000, 0, 0, 8000000, 0, '2025-11-13 05:58:26', '0000-00-00 00:00:00', '202243500011', 29),
(180, 8000000, 0, 0, 8000000, 0, '2025-11-13 05:58:26', '0000-00-00 00:00:00', '202243500046', 30),
(181, 15000000, 300000, 0, 15300000, 0, '2026-01-11 16:04:55', '0000-00-00 00:00:00', '202243500050', 1),
(182, 10000000, 0, 0, 10000000, 0, '2026-01-11 16:04:55', '0000-00-00 00:00:00', '202243500103', 2),
(183, 8000000, 0, 0, 8000000, 0, '2026-01-11 16:04:55', '0000-00-00 00:00:00', '202243500057', 3),
(184, 8000000, 0, 0, 8000000, 0, '2026-01-11 16:04:55', '0000-00-00 00:00:00', '202243500073', 4),
(185, 15000000, 0, 0, 15000000, 0, '2026-01-11 16:04:55', '0000-00-00 00:00:00', '202243500005', 5),
(186, 10000000, 0, 0, 10000000, 0, '2026-01-11 16:04:55', '0000-00-00 00:00:00', '202243500071', 6),
(187, 8000000, 0, 0, 8000000, 0, '2026-01-11 16:04:55', '0000-00-00 00:00:00', '202243500001', 7),
(188, 50000000, 0, 0, 50000000, 0, '2026-01-11 16:04:55', '0000-00-00 00:00:00', '202243500099', 8),
(189, 50000000, 0, 0, 50000000, 0, '2026-01-11 16:04:55', '0000-00-00 00:00:00', '202243500028', 9),
(190, 20000000, 0, 0, 20000000, 0, '2026-01-11 16:04:55', '0000-00-00 00:00:00', '202243500118', 10),
(191, 15000000, 0, 0, 15000000, 0, '2026-01-11 16:04:55', '0000-00-00 00:00:00', '202243500096', 11),
(192, 10000000, 0, 0, 10000000, 0, '2026-01-11 16:04:55', '0000-00-00 00:00:00', '202243500023', 12),
(193, 8000000, 0, 0, 8000000, 0, '2026-01-11 16:04:55', '0000-00-00 00:00:00', '202243500017', 13),
(194, 8000000, 0, 0, 8000000, 0, '2026-01-11 16:04:55', '0000-00-00 00:00:00', '202243500076', 14),
(195, 15000000, 0, 0, 15000000, 0, '2026-01-11 16:04:55', '0000-00-00 00:00:00', '202243500107', 15),
(196, 10000000, 0, 0, 10000000, 0, '2026-01-11 16:04:55', '0000-00-00 00:00:00', '202243500098', 16),
(197, 8000000, 0, 0, 8000000, 0, '2026-01-11 16:04:55', '0000-00-00 00:00:00', '202243500070', 17),
(198, 8000000, 0, 0, 8000000, 0, '2026-01-11 16:04:55', '0000-00-00 00:00:00', '202243500027', 18),
(199, 15000000, 0, 0, 15000000, 0, '2026-01-11 16:04:55', '0000-00-00 00:00:00', '202243500104', 19),
(200, 10000000, 0, 0, 10000000, 0, '2026-01-11 16:04:55', '0000-00-00 00:00:00', '202243500020', 20),
(201, 8000000, 0, 0, 8000000, 0, '2026-01-11 16:04:55', '0000-00-00 00:00:00', '202243500097', 21),
(202, 8000000, 0, 0, 8000000, 0, '2026-01-11 16:04:55', '0000-00-00 00:00:00', '202243500009', 22),
(203, 15000000, 0, 0, 15000000, 0, '2026-01-11 16:04:55', '0000-00-00 00:00:00', '202243500035', 23),
(204, 10000000, 0, 0, 10000000, 0, '2026-01-11 16:04:55', '0000-00-00 00:00:00', '202243500109', 24),
(205, 8000000, 0, 0, 8000000, 0, '2026-01-11 16:04:55', '0000-00-00 00:00:00', '202243500117', 25),
(206, 8000000, 0, 0, 8000000, 0, '2026-01-11 16:04:55', '0000-00-00 00:00:00', '202243500013', 26),
(207, 15000000, 0, 0, 15000000, 0, '2026-01-11 16:04:55', '0000-00-00 00:00:00', '202243500066', 27),
(208, 10000000, 0, 0, 10000000, 0, '2026-01-11 16:04:55', '0000-00-00 00:00:00', '202243500004', 28),
(209, 8000000, 0, 0, 8000000, 0, '2026-01-11 16:04:55', '0000-00-00 00:00:00', '202243500011', 29),
(210, 8000000, 0, 0, 8000000, 0, '2026-01-11 16:04:55', '0000-00-00 00:00:00', '202243500046', 30);

-- --------------------------------------------------------

--
-- Table structure for table `threshold`
--

CREATE TABLE `threshold` (
  `idthreshold` int(11) NOT NULL,
  `iddeptthreshold` int(11) DEFAULT 0,
  `attendancename` varchar(30) DEFAULT NULL,
  `starttimestr` varchar(30) DEFAULT NULL,
  `endtimestr` varchar(30) DEFAULT NULL,
  `thresholdtimestr` varchar(30) DEFAULT NULL,
  `isdeleted` int(11) DEFAULT 0,
  `created_at` timestamp NOT NULL DEFAULT current_timestamp(),
  `updated_at` timestamp NOT NULL DEFAULT '0000-00-00 00:00:00'
) ENGINE=InnoDB DEFAULT CHARSET=utf8mb4 COLLATE=utf8mb4_general_ci;

--
-- Dumping data for table `threshold`
--

INSERT INTO `threshold` (`idthreshold`, `iddeptthreshold`, `attendancename`, `starttimestr`, `endtimestr`, `thresholdtimestr`, `isdeleted`, `created_at`, `updated_at`) VALUES
(1, 1, 'IN', '9:00am', '9:30am', '10:00am', 0, '2025-05-24 05:17:36', '0000-00-00 00:00:00'),
(2, 1, 'OUT', '5:00pm', '5:30pm', '6:00pm', 0, '2025-05-24 05:17:56', '0000-00-00 00:00:00'),
(3, 2, 'IN', '9:00am', '9:30am', '10:00am', 0, '2025-05-24 05:18:13', '0000-00-00 00:00:00'),
(4, 2, 'OUT', '5:00pm', '5:30pm', '6:00pm', 0, '2025-05-24 05:18:38', '0000-00-00 00:00:00'),
(5, 3, 'IN', '9:00am', '9:30am', '10:00am', 0, '2025-05-24 05:19:09', '0000-00-00 00:00:00'),
(6, 3, 'OUT', '5:00pm', '5:30pm', '6:00pm', 0, '2025-05-24 05:19:25', '0000-00-00 00:00:00'),
(7, 4, 'IN', '9:00am', '9:30am', '10:00am', 0, '2025-05-24 05:20:07', '0000-00-00 00:00:00'),
(8, 4, 'OUT', '5:00pm', '5:30pm', '6:00pm', 0, '2025-05-24 05:20:28', '0000-00-00 00:00:00'),
(9, 5, 'IN', '9:00am', '9:30am', '10:00am', 0, '2025-05-24 05:20:46', '2026-06-02 08:29:45'),
(10, 5, 'OUT', '5:00pm', '5:30pm', '6:00pm', 0, '2025-05-24 05:21:12', '0000-00-00 00:00:00'),
(11, 6, 'IN', '9:00am', '9:30am', '10:00am', 0, '2025-05-24 05:21:28', '0000-00-00 00:00:00'),
(12, 6, 'OUT', '5:00pm', '5:30pm', '6:00pm', 0, '2025-05-24 05:21:47', '0000-00-00 00:00:00'),
(13, 7, 'IN', '9:00am', '9:30am', '10:00am', 0, '2025-05-24 05:22:07', '0000-00-00 00:00:00'),
(14, 7, 'OUT', '5:00pm', '5:30pm', '6:00pm', 0, '2025-05-24 05:22:23', '0000-00-00 00:00:00'),
(15, 8, 'IN', '9:00am', '9:15am', '9:30am', 1, '2025-11-12 03:21:59', '0000-00-00 00:00:00'),
(16, 1, 'IN', '9:00am', '9:00am', '9:00am', 1, '2025-11-12 04:03:29', '0000-00-00 00:00:00'),
(17, 1, 'IN', '12:30am', '12:30am', '1:00am', 1, '2026-01-11 03:27:36', '0000-00-00 00:00:00');

-- --------------------------------------------------------

--
-- Stand-in structure for view `vw_attendance`
-- (See below for the actual view)
--
CREATE TABLE `vw_attendance` (
`idemployee` int(11)
,`nik` varchar(30)
,`employeename` varchar(200)
,`deptname` varchar(200)
,`levelname` varchar(200)
,`timecheckin` varchar(10)
,`timecheckout` varchar(10)
,`attendancedate` date
,`totallateperdays` int(11)
,`islates` bigint(1)
);

-- --------------------------------------------------------

--
-- Structure for view `vw_attendance`
--
DROP TABLE IF EXISTS `vw_attendance`;

CREATE ALGORITHM=UNDEFINED DEFINER=`root`@`localhost` SQL SECURITY DEFINER VIEW `vw_attendance`  AS SELECT `a`.`idemployee` AS `idemployee`, `a`.`nik` AS `nik`, `a`.`employeename` AS `employeename`, `d`.`deptname` AS `deptname`, `l`.`levelname` AS `levelname`, coalesce(max(case when `a`.`attendancename` = 'IN' then str_to_date(`a`.`attendancetime`,'%h:%i%p') end),'00:00:00') AS `timecheckin`, coalesce(max(case when `a`.`attendancename` = 'OUT' then str_to_date(`a`.`attendancetime`,'%h:%i%p') end),'00:00:00') AS `timecheckout`, cast(`a`.`created_at` as date) AS `attendancedate`, max(`a`.`totallateperdays`) AS `totallateperdays`, max(case when `a`.`attendancename` = 'IN' and `a`.`islate` = 1 then 1 else 0 end) AS `islates` FROM (((`attendance` `a` left join `employee` `e` on(`a`.`idemployee` = `e`.`idemployee`)) left join `departement` `d` on(`e`.`iddeptemployee` = `d`.`iddept`)) left join `level` `l` on(`e`.`idlevelemployee` = `l`.`idlevel`)) WHERE `a`.`isdeleted` = 0 GROUP BY `a`.`idemployee`, `a`.`nik`, `a`.`employeename`, cast(`a`.`created_at` as date)  ;

--
-- Indexes for dumped tables
--

--
-- Indexes for table `attendance`
--
ALTER TABLE `attendance`
  ADD PRIMARY KEY (`idattendance`),
  ADD KEY `idattendance` (`idattendance`,`idemployee`,`nik`,`employeename`,`attendancename`,`attendancetime`,`islate`,`totallateperdays`,`isdeleted`,`created_at`,`updated_at`),
  ADD KEY `fk_employee_attendance` (`idemployee`);

--
-- Indexes for table `basicsalary`
--
ALTER TABLE `basicsalary`
  ADD PRIMARY KEY (`idsalary`);

--
-- Indexes for table `departement`
--
ALTER TABLE `departement`
  ADD PRIMARY KEY (`iddept`);

--
-- Indexes for table `employee`
--
ALTER TABLE `employee`
  ADD PRIMARY KEY (`idemployee`);

--
-- Indexes for table `level`
--
ALTER TABLE `level`
  ADD PRIMARY KEY (`idlevel`),
  ADD KEY `idlevel` (`idlevel`,`levelname`,`isdeleted`,`created_at`,`updated_at`);

--
-- Indexes for table `overtime`
--
ALTER TABLE `overtime`
  ADD PRIMARY KEY (`idovertime`);

--
-- Indexes for table `resign`
--
ALTER TABLE `resign`
  ADD PRIMARY KEY (`idresign`);

--
-- Indexes for table `roles`
--
ALTER TABLE `roles`
  ADD PRIMARY KEY (`id`);

--
-- Indexes for table `salarypermonth`
--
ALTER TABLE `salarypermonth`
  ADD PRIMARY KEY (`idsalarypermonth`);

--
-- Indexes for table `threshold`
--
ALTER TABLE `threshold`
  ADD PRIMARY KEY (`idthreshold`);

--
-- AUTO_INCREMENT for dumped tables
--

--
-- AUTO_INCREMENT for table `attendance`
--
ALTER TABLE `attendance`
  MODIFY `idattendance` int(11) NOT NULL AUTO_INCREMENT, AUTO_INCREMENT=7;

--
-- AUTO_INCREMENT for table `basicsalary`
--
ALTER TABLE `basicsalary`
  MODIFY `idsalary` int(11) NOT NULL AUTO_INCREMENT, AUTO_INCREMENT=35;

--
-- AUTO_INCREMENT for table `departement`
--
ALTER TABLE `departement`
  MODIFY `iddept` int(11) NOT NULL AUTO_INCREMENT, AUTO_INCREMENT=10;

--
-- AUTO_INCREMENT for table `employee`
--
ALTER TABLE `employee`
  MODIFY `idemployee` int(11) NOT NULL AUTO_INCREMENT, AUTO_INCREMENT=104;

--
-- AUTO_INCREMENT for table `level`
--
ALTER TABLE `level`
  MODIFY `idlevel` int(11) NOT NULL AUTO_INCREMENT, AUTO_INCREMENT=8;

--
-- AUTO_INCREMENT for table `overtime`
--
ALTER TABLE `overtime`
  MODIFY `idovertime` int(11) NOT NULL AUTO_INCREMENT, AUTO_INCREMENT=5;

--
-- AUTO_INCREMENT for table `resign`
--
ALTER TABLE `resign`
  MODIFY `idresign` int(11) NOT NULL AUTO_INCREMENT, AUTO_INCREMENT=2;

--
-- AUTO_INCREMENT for table `roles`
--
ALTER TABLE `roles`
  MODIFY `id` int(100) NOT NULL AUTO_INCREMENT, AUTO_INCREMENT=2;

--
-- AUTO_INCREMENT for table `salarypermonth`
--
ALTER TABLE `salarypermonth`
  MODIFY `idsalarypermonth` int(11) NOT NULL AUTO_INCREMENT, AUTO_INCREMENT=211;

--
-- AUTO_INCREMENT for table `threshold`
--
ALTER TABLE `threshold`
  MODIFY `idthreshold` int(11) NOT NULL AUTO_INCREMENT, AUTO_INCREMENT=18;
COMMIT;

/*!40101 SET CHARACTER_SET_CLIENT=@OLD_CHARACTER_SET_CLIENT */;
/*!40101 SET CHARACTER_SET_RESULTS=@OLD_CHARACTER_SET_RESULTS */;
/*!40101 SET COLLATION_CONNECTION=@OLD_COLLATION_CONNECTION */;
