-- phpMyAdmin SQL Dump
-- version 5.2.0
-- https://www.phpmyadmin.net/
--
-- Host: 127.0.0.1
-- Generation Time: Jun 15, 2026 at 06:52 AM
-- Server version: 10.4.27-MariaDB
-- PHP Version: 7.4.33

SET SQL_MODE = "NO_AUTO_VALUE_ON_ZERO";
START TRANSACTION;
SET time_zone = "+00:00";


/*!40101 SET @OLD_CHARACTER_SET_CLIENT=@@CHARACTER_SET_CLIENT */;
/*!40101 SET @OLD_CHARACTER_SET_RESULTS=@@CHARACTER_SET_RESULTS */;
/*!40101 SET @OLD_COLLATION_CONNECTION=@@COLLATION_CONNECTION */;
/*!40101 SET NAMES utf8mb4 */;

--
-- Database: `db_salary_employee`
--

-- --------------------------------------------------------

--
-- Table structure for table `attendance`
--

CREATE TABLE `attendance` (
  `idattendance` int(11) NOT NULL,
  `idemployee` int(11) DEFAULT NULL,
  `nik` varchar(30) DEFAULT NULL,
  `employeename` varchar(200) DEFAULT NULL,
  `attendancename` varchar(30) DEFAULT NULL,
  `attendancetime` varchar(20) NOT NULL,
  `islate` int(11) DEFAULT 0,
  `totallateperdays` int(11) DEFAULT NULL,
  `isdeleted` int(11) DEFAULT 0,
  `created_at` timestamp NOT NULL DEFAULT current_timestamp(),
  `updated_at` timestamp NOT NULL DEFAULT current_timestamp()
) ENGINE=InnoDB DEFAULT CHARSET=utf8mb4 COLLATE=utf8mb4_general_ci;

--
-- Dumping data for table `attendance`
--

INSERT INTO `attendance` (`idattendance`, `idemployee`, `nik`, `employeename`, `attendancename`, `attendancetime`, `islate`, `totallateperdays`, `isdeleted`, `created_at`, `updated_at`) VALUES
(1, 1, '202243500050', 'I Wayan Rivan Ramadhani', 'IN', '9:00am', 1, 5, 0, '2025-05-24 08:11:28', '0000-00-00 00:00:00'),
(2, 1, '202243500050', 'I Wayan Rivan Ramadhani', 'OUT', '5:30pm', 0, 0, 0, '2025-05-24 08:12:52', '0000-00-00 00:00:00'),
(3, 1, '202243500050', 'I Wayan Rivan Ramadhani', 'IN', '01:54 PM', 0, 0, 0, '2025-11-12 06:54:23', '0000-00-00 00:00:00'),
(4, 1, '202243500050', 'I Wayan Rivan Ramadhani', 'IN', '10:28 AM', 0, 0, 0, '2026-01-11 03:28:24', '0000-00-00 00:00:00');

-- --------------------------------------------------------

--
-- Table structure for table `basicsalary`
--

CREATE TABLE `basicsalary` (
  `idsalary` int(11) NOT NULL,
  `idemployeebasicsalary` int(11) DEFAULT 0,
  `basicsalary` int(11) DEFAULT NULL,
  `isdeleted` int(11) DEFAULT 0,
  `created_at` timestamp NOT NULL DEFAULT current_timestamp(),
  `updated_at` timestamp NOT NULL DEFAULT '0000-00-00 00:00:00'
) ENGINE=InnoDB DEFAULT CHARSET=utf8mb4 COLLATE=utf8mb4_general_ci;

--
-- Dumping data for table `basicsalary`
--

INSERT INTO `basicsalary` (`idsalary`, `idemployeebasicsalary`, `basicsalary`, `isdeleted`, `created_at`, `updated_at`) VALUES
(1, 1, 15000000, 0, '2025-05-24 05:16:28', '2026-01-11 04:35:14'),
(2, 2, 10000000, 0, '2025-05-24 05:16:28', '0000-00-00 00:00:00'),
(3, 3, 8000000, 0, '2025-05-24 05:16:28', '0000-00-00 00:00:00'),
(4, 4, 8000000, 0, '2025-05-24 05:16:28', '0000-00-00 00:00:00'),
(5, 5, 15000000, 0, '2025-05-24 05:16:28', '0000-00-00 00:00:00'),
(6, 6, 10000000, 0, '2025-05-24 05:16:28', '0000-00-00 00:00:00'),
(7, 7, 8000000, 0, '2025-05-24 05:16:28', '0000-00-00 00:00:00'),
(8, 8, 50000000, 0, '2025-05-24 05:16:28', '0000-00-00 00:00:00'),
(9, 9, 50000000, 0, '2025-05-24 05:16:28', '0000-00-00 00:00:00'),
(10, 10, 20000000, 0, '2025-05-24 05:16:28', '0000-00-00 00:00:00'),
(11, 11, 15000000, 0, '2025-05-24 05:16:28', '0000-00-00 00:00:00'),
(12, 12, 10000000, 0, '2025-05-24 05:16:28', '0000-00-00 00:00:00'),
(13, 13, 8000000, 0, '2025-05-24 05:16:28', '0000-00-00 00:00:00'),
(14, 14, 8000000, 0, '2025-05-24 05:16:28', '0000-00-00 00:00:00'),
(15, 15, 15000000, 0, '2025-05-24 05:16:28', '0000-00-00 00:00:00'),
(16, 16, 10000000, 0, '2025-05-24 05:16:28', '0000-00-00 00:00:00'),
(17, 17, 8000000, 0, '2025-05-24 05:16:28', '0000-00-00 00:00:00'),
(18, 18, 8000000, 0, '2025-05-24 05:16:28', '0000-00-00 00:00:00'),
(19, 19, 15000000, 0, '2025-05-24 05:16:28', '0000-00-00 00:00:00'),
(20, 20, 10000000, 0, '2025-05-24 05:16:28', '0000-00-00 00:00:00'),
(21, 21, 8000000, 0, '2025-05-24 05:16:28', '0000-00-00 00:00:00'),
(22, 22, 8000000, 0, '2025-05-24 05:16:28', '0000-00-00 00:00:00'),
(23, 23, 15000000, 0, '2025-05-24 05:16:28', '0000-00-00 00:00:00'),
(24, 24, 10000000, 0, '2025-05-24 05:16:28', '0000-00-00 00:00:00'),
(25, 25, 8000000, 0, '2025-05-24 05:16:28', '0000-00-00 00:00:00'),
(26, 26, 8000000, 0, '2025-05-24 05:16:28', '0000-00-00 00:00:00'),
(27, 27, 15000000, 0, '2025-05-24 05:16:28', '0000-00-00 00:00:00'),
(28, 28, 10000000, 0, '2025-05-24 05:16:28', '0000-00-00 00:00:00'),
(29, 29, 8000000, 0, '2025-05-24 05:16:28', '0000-00-00 00:00:00'),
(30, 30, 8000000, 0, '2025-05-24 05:16:28', '2025-11-12 04:00:23'),
(31, 1, 1000, 1, '2025-11-12 04:02:45', '0000-00-00 00:00:00'),
(32, 1, 1000, 1, '2026-01-11 03:26:57', '0000-00-00 00:00:00'),
(33, 102, 10000000, 1, '2026-05-15 07:56:06', '2026-05-15 00:56:15'),
(34, 101, 1000000, 1, '2026-06-02 03:45:56', '2026-06-01 20:46:04'),
(35, 101, 5000000, 1, '2026-06-04 04:37:12', '2026-06-04 04:37:12'),
(36, 105, 5000000, 0, '2026-06-15 04:20:02', '2026-06-15 04:20:02');

-- --------------------------------------------------------

--
-- Table structure for table `departement`
--

CREATE TABLE `departement` (
  `iddept` int(11) NOT NULL,
  `isdeleted` int(11) DEFAULT 0,
  `created_at` timestamp NOT NULL DEFAULT current_timestamp(),
  `updated_at` timestamp NOT NULL DEFAULT current_timestamp(),
  `deptname` varchar(200) DEFAULT NULL
) ENGINE=InnoDB DEFAULT CHARSET=utf8mb4 COLLATE=utf8mb4_general_ci;

--
-- Dumping data for table `departement`
--

INSERT INTO `departement` (`iddept`, `isdeleted`, `created_at`, `updated_at`, `deptname`) VALUES
(1, 0, '2025-05-24 04:19:44', '0000-00-00 00:00:00', 'SDM'),
(2, 0, '2025-05-24 04:19:44', '0000-00-00 00:00:00', 'Operasional'),
(3, 0, '2025-05-24 04:19:44', '0000-00-00 00:00:00', 'Keuangan'),
(4, 0, '2025-05-24 04:19:44', '0000-00-00 00:00:00', 'Pemasaran'),
(5, 0, '2025-05-24 04:19:44', '0000-00-00 00:00:00', 'Teknologi Informasi'),
(6, 0, '2025-05-24 04:19:44', '0000-00-00 00:00:00', 'Reset & Development'),
(7, 0, '2025-05-24 04:19:44', '0000-00-00 00:00:00', 'Legal'),
(8, 1, '2025-11-12 03:18:22', '2025-11-12 03:22:08', 'test2'),
(9, 1, '2026-05-08 08:29:26', '2026-06-02 21:47:11', 'test edit 2'),
(10, 1, '2026-06-03 04:47:20', '2026-06-03 04:47:20', 'test');

-- --------------------------------------------------------

--
-- Table structure for table `employee`
--

CREATE TABLE `employee` (
  `idemployee` int(11) NOT NULL,
  `nik` varchar(30) DEFAULT NULL,
  `employeename` varchar(250) DEFAULT NULL,
  `address` text DEFAULT NULL,
  `phonenumber` text DEFAULT NULL,
  `iddeptemployee` int(11) DEFAULT 0,
  `idlevelemployee` int(11) DEFAULT 0,
  `password` varchar(250) DEFAULT NULL,
  `isdeleted` int(11) DEFAULT 0,
  `created_at` timestamp NOT NULL DEFAULT current_timestamp(),
  `updated_at` timestamp NOT NULL DEFAULT current_timestamp()
) ENGINE=InnoDB DEFAULT CHARSET=utf8mb4 COLLATE=utf8mb4_general_ci;

--
-- Dumping data for table `employee`
--

INSERT INTO `employee` (`idemployee`, `nik`, `employeename`, `address`, `phonenumber`, `iddeptemployee`, `idlevelemployee`, `password`, `isdeleted`, `created_at`, `updated_at`) VALUES
(1, '202243500050', 'I Wayan Rivan Ramadhani', 'Jakarta Timur', '08889339533', 5, 4, 'test', 0, '2025-05-24 04:38:33', '2025-11-13 03:18:56'),
(2, '202243500103', 'Muhammad Maulana', 'Jakarta Timur', '08889339543', 5, 5, 'test', 0, '2025-05-24 04:38:33', '2026-06-08 08:42:42'),
(3, '202243500057', 'Vannesa Arda Saputra', 'Jakarta Selatan', '08899339543', 5, 6, 'test', 0, '2025-05-24 04:38:33', '2026-06-08 08:42:42'),
(4, '202243500073', 'EINNADELIA INHABITANTIA', 'Depok', '08810339543', 5, 6, 'test', 0, '2025-05-24 04:38:33', '2026-06-08 08:42:42'),
(5, '202243500005', 'LARASATI DINDA DESVIYANA', 'Depok', '08810339553', 2, 4, 'test', 0, '2025-05-24 04:38:33', '2026-06-08 08:42:42'),
(6, '202243500071', 'SYAMIL MUDZAKIR HIDAYAT', 'Jakarta Pusat', '08810334553', 2, 5, 'test', 0, '2025-05-24 04:38:33', '2026-06-08 08:42:42'),
(7, '202243500001', 'LINTANG NUR RAMADHAN', 'Jakarta Pusat', '08810334554', 2, 6, 'test', 0, '2025-05-24 04:38:33', '2026-06-08 08:42:42'),
(8, '202243500099', 'GILANG RAMADHAN', 'Bekasi Barat', '08810336554', 0, 1, 'test', 0, '2025-05-24 04:38:33', '2026-06-08 08:42:42'),
(9, '202243500028', 'DEDI RISMAWAN', 'Bekasi Barat', '08810336555', 0, 2, 'test', 0, '2025-05-24 04:38:33', '2026-06-08 08:42:42'),
(10, '202243500118', 'MOCHAMAD IKHSAN', 'Bekasi Timur', '08811336555', 0, 3, 'test', 0, '2025-05-24 04:38:33', '2026-06-08 08:42:42'),
(11, '202243500096', 'RD SAID MUHAMMAD ISKANDAR', 'Jakarta Barat', '08889339583', 1, 4, 'test', 0, '2025-05-24 04:38:33', '2026-06-08 08:42:42'),
(12, '202243500023', 'IBNU SAKSENA', 'Jakarta Pusat', '08889339573', 1, 5, 'test', 0, '2025-05-24 04:38:33', '2026-06-08 08:42:42'),
(13, '202243500017', 'AHMAD RIZAL NASUHA', 'Bekasi', '088993395663', 1, 6, 'test', 0, '2025-05-24 04:38:33', '2026-06-08 08:42:42'),
(14, '202243500076', 'ILHAN SEPTYAN MAHENDRA', 'Depok', '088199339543', 1, 6, 'test', 0, '2025-05-24 04:38:33', '2026-06-08 08:42:42'),
(15, '202243500107', 'ACHMAD ALPIAN', 'Jakarta Barat', '08579339583', 3, 4, 'test', 0, '2025-05-24 04:38:33', '2026-06-08 08:42:42'),
(16, '202243500098', 'SRI IKA WATI', 'Jakarta Pusat', '08579339573', 3, 5, 'test', 0, '2025-05-24 04:38:33', '2026-06-08 08:42:42'),
(17, '202243500070', 'SUTHAN MUHAMAD TAUHID', 'Bekasi', '085793395663', 3, 6, 'test', 0, '2025-05-24 04:38:33', '2026-06-08 08:42:42'),
(18, '202243500027', 'SALSABILA FATIMAH JAMALIA', 'Depok', '0857199339543', 3, 6, 'test', 0, '2025-05-24 04:38:33', '2026-06-08 08:42:42'),
(19, '202243500104', 'HARI PREDIANSYAH', 'Jakarta Barat', '08579339583', 4, 4, 'test', 0, '2025-05-24 04:38:33', '2026-06-08 08:42:42'),
(20, '202243500020', 'ALI HAMZAH', 'Jakarta Pusat', '08579339573', 4, 5, 'test', 0, '2025-05-24 04:38:33', '2026-06-08 08:42:42'),
(21, '202243500097', 'RISMAN SAMBEIGA', 'Bekasi', '085793395663', 4, 6, 'test', 0, '2025-05-24 04:38:33', '2026-06-08 08:42:42'),
(22, '202243500009', 'SAFFIRAH MAYNINGSIH', 'Depok', '0857199339543', 4, 6, 'test', 0, '2025-05-24 04:38:33', '2026-06-08 08:42:42'),
(23, '202243500035', 'IRSAL HAKIM ALAMSYAH', 'Jakarta Barat', '08579339583', 6, 4, 'test', 0, '2025-05-24 04:38:33', '2026-06-08 08:42:42'),
(24, '202243500109', 'HADEAN AMRULLOH', 'Jakarta Pusat', '08579339573', 6, 5, 'test', 0, '2025-05-24 04:38:33', '2026-06-08 08:42:42'),
(25, '202243500117', 'DENDY APRIAN SAPUTRA', 'Bekasi', '085793395663', 6, 6, 'test', 0, '2025-05-24 04:38:33', '2026-06-08 08:42:42'),
(26, '202243500013', 'AHMAD MUSAKKIR RAIHANNUDDIN', 'Depok', '0857199339543', 6, 6, 'test', 0, '2025-05-24 04:38:33', '2026-06-08 08:42:42'),
(27, '202243500066', 'AHMAD KOMARUDIN', 'Jakarta Barat', '08579339583', 7, 4, 'test', 0, '2025-05-24 04:38:33', '2026-06-08 08:42:42'),
(28, '202243500004', 'DINI PARDINI', 'Jakarta Pusat', '08579339573', 7, 5, 'test', 0, '2025-05-24 04:38:33', '2026-06-08 08:42:42'),
(29, '202243500011', 'ILHAM RAHMAN', 'Bekasi', '085793395663', 7, 6, 'test', 0, '2025-05-24 04:38:33', '2026-06-08 08:42:42'),
(30, '202243500046', 'BUNGA FEBRIYANI WIJAYA', 'Depok', '0857199339543', 7, 6, 'test', 0, '2025-05-24 04:38:33', '2026-06-08 08:42:42'),
(31, '1', 'test', 'test', '123', 2, 4, NULL, 1, '2025-11-12 04:36:03', '2025-11-12 04:36:12'),
(32, '123', 'test', '', '', 5, 6, 'kepo1121', 1, '2026-04-21 08:05:37', '2026-04-21 08:05:37'),
(101, '202243500681', 'Wahyu', 'australia', '089518162387', 5, 5, 'kepo1121', 1, '2026-04-30 08:43:16', '2026-04-30 08:43:16'),
(102, '123', 'kocak', '1', '1', 1, 1, 'kepo1121', 1, '2026-05-15 07:55:20', '2026-05-15 07:55:20'),
(103, '123', 'employee', '', '', 5, 6, 'admin', 1, '2026-06-02 10:04:08', '2026-06-02 03:36:13'),
(104, 'admin', 'admin', 'ponkel', '081283370131', 1, 9, 'admin', 0, '2026-06-03 04:18:36', '2026-06-03 04:18:36'),
(105, '202243500681', 'Wahyu', 'berlin', '089518162387', 5, 5, 'kepo1121', 0, '2026-06-04 08:20:07', '2026-06-04 08:20:07'),
(106, 'employee', 'employee account', '', '', 5, 6, 'employee', 0, '2026-06-04 08:22:54', '2026-06-04 08:22:54');

-- --------------------------------------------------------

--
-- Table structure for table `level`
--

CREATE TABLE `level` (
  `idlevel` int(11) NOT NULL,
  `levelname` varchar(200) DEFAULT NULL,
  `isdeleted` int(11) DEFAULT 0,
  `created_at` timestamp NOT NULL DEFAULT current_timestamp(),
  `updated_at` timestamp NOT NULL DEFAULT current_timestamp()
) ENGINE=InnoDB DEFAULT CHARSET=utf8mb4 COLLATE=utf8mb4_general_ci;

--
-- Dumping data for table `level`
--

INSERT INTO `level` (`idlevel`, `levelname`, `isdeleted`, `created_at`, `updated_at`) VALUES
(1, 'CEO', 0, '2025-05-24 04:21:21', '0000-00-00 00:00:00'),
(2, 'COO', 0, '2025-05-24 04:21:21', '0000-00-00 00:00:00'),
(3, 'GM', 0, '2025-05-24 04:21:21', '0000-00-00 00:00:00'),
(4, 'Kepala Departemen', 0, '2025-05-24 04:21:21', '0000-00-00 00:00:00'),
(5, 'Team Leader', 0, '2025-05-24 04:21:21', '0000-00-00 00:00:00'),
(6, 'Employee', 0, '2025-05-24 04:21:21', '0000-00-00 00:00:00'),
(7, 'test edit', 1, '2026-05-02 14:02:39', '2026-06-02 21:17:04'),
(8, 'new', 1, '2026-06-03 04:17:12', '2026-06-03 04:17:12'),
(9, 'admin', 0, '2026-06-03 04:17:49', '2026-06-03 04:17:49');

-- --------------------------------------------------------

--
-- Table structure for table `overtime`
--

CREATE TABLE `overtime` (
  `idovertime` int(11) NOT NULL,
  `idemployeeovertime` int(11) DEFAULT 0,
  `overtimereason` varchar(250) DEFAULT NULL,
  `starttime` varchar(30) DEFAULT NULL,
  `endtime` varchar(30) DEFAULT NULL,
  `duration` int(11) DEFAULT NULL,
  `created_at` timestamp NOT NULL DEFAULT current_timestamp(),
  `updated_at` timestamp NOT NULL DEFAULT current_timestamp(),
  `isdeleted` int(11) DEFAULT 0
) ENGINE=InnoDB DEFAULT CHARSET=utf8mb4 COLLATE=utf8mb4_general_ci;

--
-- Dumping data for table `overtime`
--

INSERT INTO `overtime` (`idovertime`, `idemployeeovertime`, `overtimereason`, `starttime`, `endtime`, `duration`, `created_at`, `updated_at`, `isdeleted`) VALUES
(1, 1, 'test', '5:30pm', '6:30pm', 60, '2025-05-24 08:15:24', '0000-00-00 00:00:00', 0),
(2, 1, 'test', '5:30pm', '6:30pm', 60, '2025-05-26 15:13:25', '0000-00-00 00:00:00', 0),
(3, 1, 'testing', '5:00pm', '6:00pm', 60, '2025-11-13 03:18:26', '2025-11-13 03:51:43', 0),
(4, 1, 'testing', '9:30pm', '10:30pm', 60, '2026-01-11 05:48:25', '0000-00-00 00:00:00', 0),
(5, 101, 'fixing bug', '7:00pm', '11:30pm', 270, '2026-06-04 03:48:45', '2026-06-04 03:48:45', 1),
(6, 104, 'test', '9:00pm', '10:00pm', 60, '2026-06-04 04:08:26', '2026-06-04 04:08:26', 1),
(7, 101, 'fixing bugs', '7:00pm', '10:00pm', 180, '2026-06-04 04:16:24', '2026-06-03 21:49:13', 1),
(8, 105, 'fixing', '7:00pm', '11:30pm', 270, '2026-06-15 04:03:34', '2026-06-15 04:03:34', 0);

-- --------------------------------------------------------

--
-- Table structure for table `resign`
--

CREATE TABLE `resign` (
  `idresign` int(11) NOT NULL,
  `employeename` varchar(250) DEFAULT NULL,
  `notes` text DEFAULT NULL,
  `isdeleted` int(11) DEFAULT 0,
  `created_at` timestamp NOT NULL DEFAULT current_timestamp(),
  `updated_at` timestamp NOT NULL DEFAULT current_timestamp()
) ENGINE=InnoDB DEFAULT CHARSET=utf8mb4 COLLATE=utf8mb4_general_ci;

--
-- Dumping data for table `resign`
--

INSERT INTO `resign` (`idresign`, `employeename`, `notes`, `isdeleted`, `created_at`, `updated_at`) VALUES
(1, 'I Wayan Rivan Ramadhani', 'sudah mendapatkan pekerjaan yang baru', 0, '2025-05-26 15:14:39', '0000-00-00 00:00:00'),
(2, 'Wahyu', 'bosen', 1, '2026-06-04 08:07:05', '2026-06-04 08:07:05');

-- --------------------------------------------------------

--
-- Table structure for table `roles`
--

CREATE TABLE `roles` (
  `id` int(100) NOT NULL,
  `name` varchar(250) NOT NULL,
  `password` varchar(255) DEFAULT NULL,
  `description` varchar(250) DEFAULT NULL,
  `create_at` timestamp NOT NULL DEFAULT current_timestamp()
) ENGINE=InnoDB DEFAULT CHARSET=utf8mb4 COLLATE=utf8mb4_general_ci;

--
-- Dumping data for table `roles`
--

INSERT INTO `roles` (`id`, `name`, `password`, `description`, `create_at`) VALUES
(1, 'admin', 'admin', 'admin', '2026-04-28 10:32:50');

-- --------------------------------------------------------

--
-- Table structure for table `salarypermonth`
--

CREATE TABLE `salarypermonth` (
  `idsalarypermonth` int(11) NOT NULL,
  `basicsalary` int(11) DEFAULT NULL,
  `overtimebonus` int(11) DEFAULT NULL,
  `cut_late` int(11) DEFAULT NULL,
  `totalsalarythismonth` bigint(20) DEFAULT 0,
  `isdeleted` int(11) DEFAULT 0,
  `created_at` timestamp NOT NULL DEFAULT current_timestamp(),
  `updated_at` timestamp NOT NULL DEFAULT current_timestamp(),
  `nik` varchar(100) DEFAULT NULL,
  `idemployee` int(11) DEFAULT NULL,
  `salary_period` date DEFAULT NULL
) ENGINE=InnoDB DEFAULT CHARSET=utf8mb4 COLLATE=utf8mb4_general_ci;

--
-- Dumping data for table `salarypermonth`
--

INSERT INTO `salarypermonth` (`idsalarypermonth`, `basicsalary`, `overtimebonus`, `cut_late`, `totalsalarythismonth`, `isdeleted`, `created_at`, `updated_at`, `nik`, `idemployee`, `salary_period`) VALUES
(1, 15000000, 300000, 0, 15300000, 1, '2025-05-24 08:16:13', '0000-00-00 00:00:00', '202243500050', 1, NULL),
(2, 10000000, 0, 0, 10000000, 1, '2025-05-24 08:16:13', '0000-00-00 00:00:00', '202243500103', 2, NULL),
(3, 8000000, 0, 0, 8000000, 1, '2025-05-24 08:16:13', '0000-00-00 00:00:00', '202243500057', 3, NULL),
(4, 8000000, 0, 0, 8000000, 1, '2025-05-24 08:16:13', '0000-00-00 00:00:00', '202243500073', 4, NULL),
(5, 15000000, 0, 0, 15000000, 1, '2025-05-24 08:16:13', '0000-00-00 00:00:00', '202243500005', 5, NULL),
(6, 10000000, 0, 0, 10000000, 1, '2025-05-24 08:16:13', '0000-00-00 00:00:00', '202243500071', 6, NULL),
(7, 8000000, 0, 0, 8000000, 1, '2025-05-24 08:16:13', '0000-00-00 00:00:00', '202243500001', 7, NULL),
(8, 50000000, 0, 0, 50000000, 1, '2025-05-24 08:16:13', '0000-00-00 00:00:00', '202243500099', 8, NULL),
(9, 50000000, 0, 0, 50000000, 1, '2025-05-24 08:16:13', '0000-00-00 00:00:00', '202243500028', 9, NULL),
(10, 20000000, 0, 0, 20000000, 1, '2025-05-24 08:16:13', '0000-00-00 00:00:00', '202243500118', 10, NULL),
(11, 15000000, 0, 0, 15000000, 1, '2025-05-24 08:16:13', '0000-00-00 00:00:00', '202243500096', 11, NULL),
(12, 10000000, 0, 0, 10000000, 1, '2025-05-24 08:16:13', '0000-00-00 00:00:00', '202243500023', 12, NULL),
(13, 8000000, 0, 0, 8000000, 1, '2025-05-24 08:16:13', '0000-00-00 00:00:00', '202243500017', 13, NULL),
(14, 8000000, 0, 0, 8000000, 1, '2025-05-24 08:16:13', '0000-00-00 00:00:00', '202243500076', 14, NULL),
(15, 15000000, 0, 0, 15000000, 1, '2025-05-24 08:16:13', '0000-00-00 00:00:00', '202243500107', 15, NULL),
(16, 10000000, 0, 0, 10000000, 1, '2025-05-24 08:16:13', '0000-00-00 00:00:00', '202243500098', 16, NULL),
(17, 8000000, 0, 0, 8000000, 1, '2025-05-24 08:16:13', '0000-00-00 00:00:00', '202243500070', 17, NULL),
(18, 8000000, 0, 0, 8000000, 1, '2025-05-24 08:16:13', '0000-00-00 00:00:00', '202243500027', 18, NULL),
(19, 15000000, 0, 0, 15000000, 1, '2025-05-24 08:16:13', '0000-00-00 00:00:00', '202243500104', 19, NULL),
(20, 10000000, 0, 0, 10000000, 1, '2025-05-24 08:16:13', '0000-00-00 00:00:00', '202243500020', 20, NULL),
(21, 8000000, 0, 0, 8000000, 1, '2025-05-24 08:16:13', '0000-00-00 00:00:00', '202243500097', 21, NULL),
(22, 8000000, 0, 0, 8000000, 1, '2025-05-24 08:16:13', '0000-00-00 00:00:00', '202243500009', 22, NULL),
(23, 15000000, 0, 0, 15000000, 1, '2025-05-24 08:16:13', '0000-00-00 00:00:00', '202243500035', 23, NULL),
(24, 10000000, 0, 0, 10000000, 1, '2025-05-24 08:16:13', '0000-00-00 00:00:00', '202243500109', 24, NULL),
(25, 8000000, 0, 0, 8000000, 1, '2025-05-24 08:16:13', '0000-00-00 00:00:00', '202243500117', 25, NULL),
(26, 8000000, 0, 0, 8000000, 1, '2025-05-24 08:16:13', '0000-00-00 00:00:00', '202243500013', 26, NULL),
(27, 15000000, 0, 0, 15000000, 1, '2025-05-24 08:16:13', '0000-00-00 00:00:00', '202243500066', 27, NULL),
(28, 10000000, 0, 0, 10000000, 1, '2025-05-24 08:16:13', '0000-00-00 00:00:00', '202243500004', 28, NULL),
(29, 8000000, 0, 0, 8000000, 1, '2025-05-24 08:16:13', '0000-00-00 00:00:00', '202243500011', 29, NULL),
(30, 8000000, 0, 0, 8000000, 1, '2025-05-24 08:16:13', '0000-00-00 00:00:00', '202243500046', 30, NULL),
(31, 15000000, 0, 0, 15000000, 1, '2025-05-24 08:17:16', '0000-00-00 00:00:00', '202243500050', 1, NULL),
(32, 10000000, 0, 0, 10000000, 1, '2025-05-24 08:17:16', '0000-00-00 00:00:00', '202243500103', 2, NULL),
(33, 8000000, 0, 0, 8000000, 1, '2025-05-24 08:17:16', '0000-00-00 00:00:00', '202243500057', 3, NULL),
(34, 8000000, 0, 0, 8000000, 1, '2025-05-24 08:17:16', '0000-00-00 00:00:00', '202243500073', 4, NULL),
(35, 15000000, 0, 0, 15000000, 1, '2025-05-24 08:17:16', '0000-00-00 00:00:00', '202243500005', 5, NULL),
(36, 10000000, 0, 0, 10000000, 1, '2025-05-24 08:17:16', '0000-00-00 00:00:00', '202243500071', 6, NULL),
(37, 8000000, 0, 0, 8000000, 1, '2025-05-24 08:17:16', '0000-00-00 00:00:00', '202243500001', 7, NULL),
(38, 50000000, 0, 0, 50000000, 1, '2025-05-24 08:17:16', '0000-00-00 00:00:00', '202243500099', 8, NULL),
(39, 50000000, 0, 0, 50000000, 1, '2025-05-24 08:17:16', '0000-00-00 00:00:00', '202243500028', 9, NULL),
(40, 20000000, 0, 0, 20000000, 1, '2025-05-24 08:17:16', '0000-00-00 00:00:00', '202243500118', 10, NULL),
(41, 15000000, 0, 0, 15000000, 1, '2025-05-24 08:17:16', '0000-00-00 00:00:00', '202243500096', 11, NULL),
(42, 10000000, 0, 0, 10000000, 1, '2025-05-24 08:17:16', '0000-00-00 00:00:00', '202243500023', 12, NULL),
(43, 8000000, 0, 0, 8000000, 1, '2025-05-24 08:17:16', '0000-00-00 00:00:00', '202243500017', 13, NULL),
(44, 8000000, 0, 0, 8000000, 1, '2025-05-24 08:17:16', '0000-00-00 00:00:00', '202243500076', 14, NULL),
(45, 15000000, 0, 0, 15000000, 1, '2025-05-24 08:17:16', '0000-00-00 00:00:00', '202243500107', 15, NULL),
(46, 10000000, 0, 0, 10000000, 1, '2025-05-24 08:17:16', '0000-00-00 00:00:00', '202243500098', 16, NULL),
(47, 8000000, 0, 0, 8000000, 1, '2025-05-24 08:17:16', '0000-00-00 00:00:00', '202243500070', 17, NULL),
(48, 8000000, 0, 0, 8000000, 1, '2025-05-24 08:17:16', '0000-00-00 00:00:00', '202243500027', 18, NULL),
(49, 15000000, 0, 0, 15000000, 1, '2025-05-24 08:17:16', '0000-00-00 00:00:00', '202243500104', 19, NULL),
(50, 10000000, 0, 0, 10000000, 1, '2025-05-24 08:17:16', '0000-00-00 00:00:00', '202243500020', 20, NULL),
(51, 8000000, 0, 0, 8000000, 1, '2025-05-24 08:17:16', '0000-00-00 00:00:00', '202243500097', 21, NULL),
(52, 8000000, 0, 0, 8000000, 1, '2025-05-24 08:17:16', '0000-00-00 00:00:00', '202243500009', 22, NULL),
(53, 15000000, 0, 0, 15000000, 1, '2025-05-24 08:17:16', '0000-00-00 00:00:00', '202243500035', 23, NULL),
(54, 10000000, 0, 0, 10000000, 1, '2025-05-24 08:17:16', '0000-00-00 00:00:00', '202243500109', 24, NULL),
(55, 8000000, 0, 0, 8000000, 1, '2025-05-24 08:17:16', '0000-00-00 00:00:00', '202243500117', 25, NULL),
(56, 8000000, 0, 0, 8000000, 1, '2025-05-24 08:17:16', '0000-00-00 00:00:00', '202243500013', 26, NULL),
(57, 15000000, 0, 0, 15000000, 1, '2025-05-24 08:17:16', '0000-00-00 00:00:00', '202243500066', 27, NULL),
(58, 10000000, 0, 0, 10000000, 1, '2025-05-24 08:17:16', '0000-00-00 00:00:00', '202243500004', 28, NULL),
(59, 8000000, 0, 0, 8000000, 1, '2025-05-24 08:17:16', '0000-00-00 00:00:00', '202243500011', 29, NULL),
(60, 8000000, 0, 0, 8000000, 1, '2025-05-24 08:17:16', '0000-00-00 00:00:00', '202243500046', 30, NULL),
(61, 15000000, 600000, 0, 15600000, 0, '2025-05-26 15:13:44', '0000-00-00 00:00:00', '202243500050', 1, NULL),
(62, 10000000, 0, 0, 10000000, 0, '2025-05-26 15:13:44', '0000-00-00 00:00:00', '202243500103', 2, NULL),
(63, 8000000, 0, 0, 8000000, 0, '2025-05-26 15:13:44', '0000-00-00 00:00:00', '202243500057', 3, NULL),
(64, 8000000, 0, 0, 8000000, 0, '2025-05-26 15:13:44', '0000-00-00 00:00:00', '202243500073', 4, NULL),
(65, 15000000, 0, 0, 15000000, 0, '2025-05-26 15:13:44', '0000-00-00 00:00:00', '202243500005', 5, NULL),
(66, 10000000, 0, 0, 10000000, 0, '2025-05-26 15:13:44', '0000-00-00 00:00:00', '202243500071', 6, NULL),
(67, 8000000, 0, 0, 8000000, 0, '2025-05-26 15:13:44', '0000-00-00 00:00:00', '202243500001', 7, NULL),
(68, 50000000, 0, 0, 50000000, 0, '2025-05-26 15:13:44', '0000-00-00 00:00:00', '202243500099', 8, NULL),
(69, 50000000, 0, 0, 50000000, 0, '2025-05-26 15:13:44', '0000-00-00 00:00:00', '202243500028', 9, NULL),
(70, 20000000, 0, 0, 20000000, 0, '2025-05-26 15:13:44', '0000-00-00 00:00:00', '202243500118', 10, NULL),
(71, 15000000, 0, 0, 15000000, 0, '2025-05-26 15:13:44', '0000-00-00 00:00:00', '202243500096', 11, NULL),
(72, 10000000, 0, 0, 10000000, 0, '2025-05-26 15:13:44', '0000-00-00 00:00:00', '202243500023', 12, NULL),
(73, 8000000, 0, 0, 8000000, 0, '2025-05-26 15:13:44', '0000-00-00 00:00:00', '202243500017', 13, NULL),
(74, 8000000, 0, 0, 8000000, 0, '2025-05-26 15:13:44', '0000-00-00 00:00:00', '202243500076', 14, NULL),
(75, 15000000, 0, 0, 15000000, 0, '2025-05-26 15:13:44', '0000-00-00 00:00:00', '202243500107', 15, NULL),
(76, 10000000, 0, 0, 10000000, 0, '2025-05-26 15:13:44', '0000-00-00 00:00:00', '202243500098', 16, NULL),
(77, 8000000, 0, 0, 8000000, 0, '2025-05-26 15:13:44', '0000-00-00 00:00:00', '202243500070', 17, NULL),
(78, 8000000, 0, 0, 8000000, 0, '2025-05-26 15:13:44', '0000-00-00 00:00:00', '202243500027', 18, NULL),
(79, 15000000, 0, 0, 15000000, 0, '2025-05-26 15:13:44', '0000-00-00 00:00:00', '202243500104', 19, NULL),
(80, 10000000, 0, 0, 10000000, 0, '2025-05-26 15:13:44', '0000-00-00 00:00:00', '202243500020', 20, NULL),
(81, 8000000, 0, 0, 8000000, 0, '2025-05-26 15:13:44', '0000-00-00 00:00:00', '202243500097', 21, NULL),
(82, 8000000, 0, 0, 8000000, 0, '2025-05-26 15:13:44', '0000-00-00 00:00:00', '202243500009', 22, NULL),
(83, 15000000, 0, 0, 15000000, 0, '2025-05-26 15:13:44', '0000-00-00 00:00:00', '202243500035', 23, NULL),
(84, 10000000, 0, 0, 10000000, 0, '2025-05-26 15:13:44', '0000-00-00 00:00:00', '202243500109', 24, NULL),
(85, 8000000, 0, 0, 8000000, 0, '2025-05-26 15:13:44', '0000-00-00 00:00:00', '202243500117', 25, NULL),
(86, 8000000, 0, 0, 8000000, 0, '2025-05-26 15:13:44', '0000-00-00 00:00:00', '202243500013', 26, NULL),
(87, 15000000, 0, 0, 15000000, 0, '2025-05-26 15:13:44', '0000-00-00 00:00:00', '202243500066', 27, NULL),
(88, 10000000, 0, 0, 10000000, 0, '2025-05-26 15:13:44', '0000-00-00 00:00:00', '202243500004', 28, NULL),
(89, 8000000, 0, 0, 8000000, 0, '2025-05-26 15:13:44', '0000-00-00 00:00:00', '202243500011', 29, NULL),
(90, 8000000, 0, 0, 8000000, 0, '2025-05-26 15:13:44', '0000-00-00 00:00:00', '202243500046', 30, NULL),
(91, 15000000, 0, 0, 15000000, 0, '2025-05-26 15:14:10', '0000-00-00 00:00:00', '202243500050', 1, NULL),
(92, 10000000, 0, 0, 10000000, 0, '2025-05-26 15:14:10', '0000-00-00 00:00:00', '202243500103', 2, NULL),
(93, 8000000, 0, 0, 8000000, 0, '2025-05-26 15:14:10', '0000-00-00 00:00:00', '202243500057', 3, NULL),
(94, 8000000, 0, 0, 8000000, 0, '2025-05-26 15:14:10', '0000-00-00 00:00:00', '202243500073', 4, NULL),
(95, 15000000, 0, 0, 15000000, 0, '2025-05-26 15:14:10', '0000-00-00 00:00:00', '202243500005', 5, NULL),
(96, 10000000, 0, 0, 10000000, 0, '2025-05-26 15:14:10', '0000-00-00 00:00:00', '202243500071', 6, NULL),
(97, 8000000, 0, 0, 8000000, 0, '2025-05-26 15:14:10', '0000-00-00 00:00:00', '202243500001', 7, NULL),
(98, 50000000, 0, 0, 50000000, 0, '2025-05-26 15:14:10', '0000-00-00 00:00:00', '202243500099', 8, NULL),
(99, 50000000, 0, 0, 50000000, 0, '2025-05-26 15:14:10', '0000-00-00 00:00:00', '202243500028', 9, NULL),
(100, 20000000, 0, 0, 20000000, 0, '2025-05-26 15:14:10', '0000-00-00 00:00:00', '202243500118', 10, NULL),
(101, 15000000, 0, 0, 15000000, 0, '2025-05-26 15:14:10', '0000-00-00 00:00:00', '202243500096', 11, NULL),
(102, 10000000, 0, 0, 10000000, 0, '2025-05-26 15:14:10', '0000-00-00 00:00:00', '202243500023', 12, NULL),
(103, 8000000, 0, 0, 8000000, 0, '2025-05-26 15:14:10', '0000-00-00 00:00:00', '202243500017', 13, NULL),
(104, 8000000, 0, 0, 8000000, 0, '2025-05-26 15:14:10', '0000-00-00 00:00:00', '202243500076', 14, NULL),
(105, 15000000, 0, 0, 15000000, 0, '2025-05-26 15:14:10', '0000-00-00 00:00:00', '202243500107', 15, NULL),
(106, 10000000, 0, 0, 10000000, 0, '2025-05-26 15:14:10', '0000-00-00 00:00:00', '202243500098', 16, NULL),
(107, 8000000, 0, 0, 8000000, 0, '2025-05-26 15:14:10', '0000-00-00 00:00:00', '202243500070', 17, NULL),
(108, 8000000, 0, 0, 8000000, 0, '2025-05-26 15:14:10', '0000-00-00 00:00:00', '202243500027', 18, NULL),
(109, 15000000, 0, 0, 15000000, 0, '2025-05-26 15:14:10', '0000-00-00 00:00:00', '202243500104', 19, NULL),
(110, 10000000, 0, 0, 10000000, 0, '2025-05-26 15:14:10', '0000-00-00 00:00:00', '202243500020', 20, NULL),
(111, 8000000, 0, 0, 8000000, 0, '2025-05-26 15:14:10', '0000-00-00 00:00:00', '202243500097', 21, NULL),
(112, 8000000, 0, 0, 8000000, 0, '2025-05-26 15:14:10', '0000-00-00 00:00:00', '202243500009', 22, NULL),
(113, 15000000, 0, 0, 15000000, 0, '2025-05-26 15:14:10', '0000-00-00 00:00:00', '202243500035', 23, NULL),
(114, 10000000, 0, 0, 10000000, 0, '2025-05-26 15:14:10', '0000-00-00 00:00:00', '202243500109', 24, NULL),
(115, 8000000, 0, 0, 8000000, 0, '2025-05-26 15:14:10', '0000-00-00 00:00:00', '202243500117', 25, NULL),
(116, 8000000, 0, 0, 8000000, 0, '2025-05-26 15:14:10', '0000-00-00 00:00:00', '202243500013', 26, NULL),
(117, 15000000, 0, 0, 15000000, 0, '2025-05-26 15:14:10', '0000-00-00 00:00:00', '202243500066', 27, NULL),
(118, 10000000, 0, 0, 10000000, 0, '2025-05-26 15:14:10', '0000-00-00 00:00:00', '202243500004', 28, NULL),
(119, 8000000, 0, 0, 8000000, 0, '2025-05-26 15:14:10', '0000-00-00 00:00:00', '202243500011', 29, NULL),
(120, 8000000, 0, 0, 8000000, 0, '2025-05-26 15:14:10', '0000-00-00 00:00:00', '202243500046', 30, NULL),
(121, 15000000, 0, 0, 15000000, 0, '2025-10-26 06:46:21', '0000-00-00 00:00:00', '202243500050', 1, NULL),
(122, 10000000, 0, 0, 10000000, 0, '2025-10-26 06:46:21', '0000-00-00 00:00:00', '202243500103', 2, NULL),
(123, 8000000, 0, 0, 8000000, 0, '2025-10-26 06:46:21', '0000-00-00 00:00:00', '202243500057', 3, NULL),
(124, 8000000, 0, 0, 8000000, 0, '2025-10-26 06:46:21', '0000-00-00 00:00:00', '202243500073', 4, NULL),
(125, 15000000, 0, 0, 15000000, 0, '2025-10-26 06:46:21', '0000-00-00 00:00:00', '202243500005', 5, NULL),
(126, 10000000, 0, 0, 10000000, 0, '2025-10-26 06:46:21', '0000-00-00 00:00:00', '202243500071', 6, NULL),
(127, 8000000, 0, 0, 8000000, 0, '2025-10-26 06:46:21', '0000-00-00 00:00:00', '202243500001', 7, NULL),
(128, 50000000, 0, 0, 50000000, 0, '2025-10-26 06:46:21', '0000-00-00 00:00:00', '202243500099', 8, NULL),
(129, 50000000, 0, 0, 50000000, 0, '2025-10-26 06:46:21', '0000-00-00 00:00:00', '202243500028', 9, NULL),
(130, 20000000, 0, 0, 20000000, 0, '2025-10-26 06:46:21', '0000-00-00 00:00:00', '202243500118', 10, NULL),
(131, 15000000, 0, 0, 15000000, 0, '2025-10-26 06:46:21', '0000-00-00 00:00:00', '202243500096', 11, NULL),
(132, 10000000, 0, 0, 10000000, 0, '2025-10-26 06:46:21', '0000-00-00 00:00:00', '202243500023', 12, NULL),
(133, 8000000, 0, 0, 8000000, 0, '2025-10-26 06:46:21', '0000-00-00 00:00:00', '202243500017', 13, NULL),
(134, 8000000, 0, 0, 8000000, 0, '2025-10-26 06:46:21', '0000-00-00 00:00:00', '202243500076', 14, NULL),
(135, 15000000, 0, 0, 15000000, 0, '2025-10-26 06:46:21', '0000-00-00 00:00:00', '202243500107', 15, NULL),
(136, 10000000, 0, 0, 10000000, 0, '2025-10-26 06:46:21', '0000-00-00 00:00:00', '202243500098', 16, NULL),
(137, 8000000, 0, 0, 8000000, 0, '2025-10-26 06:46:21', '0000-00-00 00:00:00', '202243500070', 17, NULL),
(138, 8000000, 0, 0, 8000000, 0, '2025-10-26 06:46:21', '0000-00-00 00:00:00', '202243500027', 18, NULL),
(139, 15000000, 0, 0, 15000000, 0, '2025-10-26 06:46:21', '0000-00-00 00:00:00', '202243500104', 19, NULL),
(140, 10000000, 0, 0, 10000000, 0, '2025-10-26 06:46:21', '0000-00-00 00:00:00', '202243500020', 20, NULL),
(141, 8000000, 0, 0, 8000000, 0, '2025-10-26 06:46:21', '0000-00-00 00:00:00', '202243500097', 21, NULL),
(142, 8000000, 0, 0, 8000000, 0, '2025-10-26 06:46:21', '0000-00-00 00:00:00', '202243500009', 22, NULL),
(143, 15000000, 0, 0, 15000000, 0, '2025-10-26 06:46:21', '0000-00-00 00:00:00', '202243500035', 23, NULL),
(144, 10000000, 0, 0, 10000000, 0, '2025-10-26 06:46:21', '0000-00-00 00:00:00', '202243500109', 24, NULL),
(145, 8000000, 0, 0, 8000000, 0, '2025-10-26 06:46:21', '0000-00-00 00:00:00', '202243500117', 25, NULL),
(146, 8000000, 0, 0, 8000000, 0, '2025-10-26 06:46:21', '0000-00-00 00:00:00', '202243500013', 26, NULL),
(147, 15000000, 0, 0, 15000000, 0, '2025-10-26 06:46:21', '0000-00-00 00:00:00', '202243500066', 27, NULL),
(148, 10000000, 0, 0, 10000000, 0, '2025-10-26 06:46:21', '0000-00-00 00:00:00', '202243500004', 28, NULL),
(149, 8000000, 0, 0, 8000000, 0, '2025-10-26 06:46:21', '0000-00-00 00:00:00', '202243500011', 29, NULL),
(150, 8000000, 0, 0, 8000000, 0, '2025-10-26 06:46:21', '0000-00-00 00:00:00', '202243500046', 30, NULL),
(151, 15000000, 300000, 0, 15300000, 0, '2025-11-13 05:58:26', '0000-00-00 00:00:00', '202243500050', 1, NULL),
(152, 10000000, 0, 0, 10000000, 0, '2025-11-13 05:58:26', '0000-00-00 00:00:00', '202243500103', 2, NULL),
(153, 8000000, 0, 0, 8000000, 0, '2025-11-13 05:58:26', '0000-00-00 00:00:00', '202243500057', 3, NULL),
(154, 8000000, 0, 0, 8000000, 0, '2025-11-13 05:58:26', '0000-00-00 00:00:00', '202243500073', 4, NULL),
(155, 15000000, 0, 0, 15000000, 0, '2025-11-13 05:58:26', '0000-00-00 00:00:00', '202243500005', 5, NULL),
(156, 10000000, 0, 0, 10000000, 0, '2025-11-13 05:58:26', '0000-00-00 00:00:00', '202243500071', 6, NULL),
(157, 8000000, 0, 0, 8000000, 0, '2025-11-13 05:58:26', '0000-00-00 00:00:00', '202243500001', 7, NULL),
(158, 50000000, 0, 0, 50000000, 0, '2025-11-13 05:58:26', '0000-00-00 00:00:00', '202243500099', 8, NULL),
(159, 50000000, 0, 0, 50000000, 0, '2025-11-13 05:58:26', '0000-00-00 00:00:00', '202243500028', 9, NULL),
(160, 20000000, 0, 0, 20000000, 0, '2025-11-13 05:58:26', '0000-00-00 00:00:00', '202243500118', 10, NULL),
(161, 15000000, 0, 0, 15000000, 0, '2025-11-13 05:58:26', '0000-00-00 00:00:00', '202243500096', 11, NULL),
(162, 10000000, 0, 0, 10000000, 0, '2025-11-13 05:58:26', '0000-00-00 00:00:00', '202243500023', 12, NULL),
(163, 8000000, 0, 0, 8000000, 0, '2025-11-13 05:58:26', '0000-00-00 00:00:00', '202243500017', 13, NULL),
(164, 8000000, 0, 0, 8000000, 0, '2025-11-13 05:58:26', '0000-00-00 00:00:00', '202243500076', 14, NULL),
(165, 15000000, 0, 0, 15000000, 0, '2025-11-13 05:58:26', '0000-00-00 00:00:00', '202243500107', 15, NULL),
(166, 10000000, 0, 0, 10000000, 0, '2025-11-13 05:58:26', '0000-00-00 00:00:00', '202243500098', 16, NULL),
(167, 8000000, 0, 0, 8000000, 0, '2025-11-13 05:58:26', '0000-00-00 00:00:00', '202243500070', 17, NULL),
(168, 8000000, 0, 0, 8000000, 0, '2025-11-13 05:58:26', '0000-00-00 00:00:00', '202243500027', 18, NULL),
(169, 15000000, 0, 0, 15000000, 0, '2025-11-13 05:58:26', '0000-00-00 00:00:00', '202243500104', 19, NULL),
(170, 10000000, 0, 0, 10000000, 0, '2025-11-13 05:58:26', '0000-00-00 00:00:00', '202243500020', 20, NULL),
(171, 8000000, 0, 0, 8000000, 0, '2025-11-13 05:58:26', '0000-00-00 00:00:00', '202243500097', 21, NULL),
(172, 8000000, 0, 0, 8000000, 0, '2025-11-13 05:58:26', '0000-00-00 00:00:00', '202243500009', 22, NULL),
(173, 15000000, 0, 0, 15000000, 0, '2025-11-13 05:58:26', '0000-00-00 00:00:00', '202243500035', 23, NULL),
(174, 10000000, 0, 0, 10000000, 0, '2025-11-13 05:58:26', '0000-00-00 00:00:00', '202243500109', 24, NULL),
(175, 8000000, 0, 0, 8000000, 0, '2025-11-13 05:58:26', '0000-00-00 00:00:00', '202243500117', 25, NULL),
(176, 8000000, 0, 0, 8000000, 0, '2025-11-13 05:58:26', '0000-00-00 00:00:00', '202243500013', 26, NULL),
(177, 15000000, 0, 0, 15000000, 0, '2025-11-13 05:58:26', '0000-00-00 00:00:00', '202243500066', 27, NULL),
(178, 10000000, 0, 0, 10000000, 0, '2025-11-13 05:58:26', '0000-00-00 00:00:00', '202243500004', 28, NULL),
(179, 8000000, 0, 0, 8000000, 0, '2025-11-13 05:58:26', '0000-00-00 00:00:00', '202243500011', 29, NULL),
(180, 8000000, 0, 0, 8000000, 0, '2025-11-13 05:58:26', '0000-00-00 00:00:00', '202243500046', 30, NULL),
(181, 15000000, 300000, 0, 15300000, 0, '2026-01-11 16:04:55', '0000-00-00 00:00:00', '202243500050', 1, NULL),
(182, 10000000, 0, 0, 10000000, 0, '2026-01-11 16:04:55', '0000-00-00 00:00:00', '202243500103', 2, NULL),
(183, 8000000, 0, 0, 8000000, 0, '2026-01-11 16:04:55', '0000-00-00 00:00:00', '202243500057', 3, NULL),
(184, 8000000, 0, 0, 8000000, 0, '2026-01-11 16:04:55', '0000-00-00 00:00:00', '202243500073', 4, NULL),
(185, 15000000, 0, 0, 15000000, 0, '2026-01-11 16:04:55', '0000-00-00 00:00:00', '202243500005', 5, NULL),
(186, 10000000, 0, 0, 10000000, 0, '2026-01-11 16:04:55', '0000-00-00 00:00:00', '202243500071', 6, NULL),
(187, 8000000, 0, 0, 8000000, 0, '2026-01-11 16:04:55', '0000-00-00 00:00:00', '202243500001', 7, NULL),
(188, 50000000, 0, 0, 50000000, 0, '2026-01-11 16:04:55', '0000-00-00 00:00:00', '202243500099', 8, NULL),
(189, 50000000, 0, 0, 50000000, 0, '2026-01-11 16:04:55', '0000-00-00 00:00:00', '202243500028', 9, NULL),
(190, 20000000, 0, 0, 20000000, 0, '2026-01-11 16:04:55', '0000-00-00 00:00:00', '202243500118', 10, NULL),
(191, 15000000, 0, 0, 15000000, 0, '2026-01-11 16:04:55', '0000-00-00 00:00:00', '202243500096', 11, NULL),
(192, 10000000, 0, 0, 10000000, 0, '2026-01-11 16:04:55', '0000-00-00 00:00:00', '202243500023', 12, NULL),
(193, 8000000, 0, 0, 8000000, 0, '2026-01-11 16:04:55', '0000-00-00 00:00:00', '202243500017', 13, NULL),
(194, 8000000, 0, 0, 8000000, 0, '2026-01-11 16:04:55', '0000-00-00 00:00:00', '202243500076', 14, NULL),
(195, 15000000, 0, 0, 15000000, 0, '2026-01-11 16:04:55', '0000-00-00 00:00:00', '202243500107', 15, NULL),
(196, 10000000, 0, 0, 10000000, 0, '2026-01-11 16:04:55', '0000-00-00 00:00:00', '202243500098', 16, NULL),
(197, 8000000, 0, 0, 8000000, 0, '2026-01-11 16:04:55', '0000-00-00 00:00:00', '202243500070', 17, NULL),
(198, 8000000, 0, 0, 8000000, 0, '2026-01-11 16:04:55', '0000-00-00 00:00:00', '202243500027', 18, NULL),
(199, 15000000, 0, 0, 15000000, 0, '2026-01-11 16:04:55', '0000-00-00 00:00:00', '202243500104', 19, NULL),
(200, 10000000, 0, 0, 10000000, 0, '2026-01-11 16:04:55', '0000-00-00 00:00:00', '202243500020', 20, NULL),
(201, 8000000, 0, 0, 8000000, 0, '2026-01-11 16:04:55', '0000-00-00 00:00:00', '202243500097', 21, NULL),
(202, 8000000, 0, 0, 8000000, 0, '2026-01-11 16:04:55', '0000-00-00 00:00:00', '202243500009', 22, NULL),
(203, 15000000, 0, 0, 15000000, 0, '2026-01-11 16:04:55', '0000-00-00 00:00:00', '202243500035', 23, NULL),
(204, 10000000, 0, 0, 10000000, 0, '2026-01-11 16:04:55', '0000-00-00 00:00:00', '202243500109', 24, NULL),
(205, 8000000, 0, 0, 8000000, 0, '2026-01-11 16:04:55', '0000-00-00 00:00:00', '202243500117', 25, NULL),
(206, 8000000, 0, 0, 8000000, 0, '2026-01-11 16:04:55', '0000-00-00 00:00:00', '202243500013', 26, NULL),
(207, 15000000, 0, 0, 15000000, 0, '2026-01-11 16:04:55', '0000-00-00 00:00:00', '202243500066', 27, NULL),
(208, 10000000, 0, 0, 10000000, 0, '2026-01-11 16:04:55', '0000-00-00 00:00:00', '202243500004', 28, NULL),
(209, 8000000, 0, 0, 8000000, 0, '2026-01-11 16:04:55', '0000-00-00 00:00:00', '202243500011', 29, NULL),
(210, 8000000, 0, 0, 8000000, 0, '2026-01-11 16:04:55', '0000-00-00 00:00:00', '202243500046', 30, NULL),
(211, 15000000, 0, 0, 15000000, 1, '2026-06-03 04:58:37', '2026-06-03 04:58:37', '202243500050', 1, NULL),
(212, 10000000, 0, 0, 10000000, 1, '2026-06-03 04:58:37', '2026-06-03 04:58:37', '202243500103', 2, NULL),
(213, 8000000, 0, 0, 8000000, 1, '2026-06-03 04:58:37', '2026-06-03 04:58:37', '202243500057', 3, NULL),
(214, 8000000, 0, 0, 8000000, 1, '2026-06-03 04:58:37', '2026-06-03 04:58:37', '202243500073', 4, NULL),
(215, 15000000, 0, 0, 15000000, 1, '2026-06-03 04:58:37', '2026-06-03 04:58:37', '202243500005', 5, NULL),
(216, 10000000, 0, 0, 10000000, 1, '2026-06-03 04:58:37', '2026-06-03 04:58:37', '202243500071', 6, NULL),
(217, 8000000, 0, 0, 8000000, 1, '2026-06-03 04:58:37', '2026-06-03 04:58:37', '202243500001', 7, NULL),
(218, 50000000, 0, 0, 50000000, 1, '2026-06-03 04:58:37', '2026-06-03 04:58:37', '202243500099', 8, NULL),
(219, 50000000, 0, 0, 50000000, 1, '2026-06-03 04:58:37', '2026-06-03 04:58:37', '202243500028', 9, NULL),
(220, 20000000, 0, 0, 20000000, 1, '2026-06-03 04:58:37', '2026-06-03 04:58:37', '202243500118', 10, NULL),
(221, 15000000, 0, 0, 15000000, 1, '2026-06-03 04:58:37', '2026-06-03 04:58:37', '202243500096', 11, NULL),
(222, 10000000, 0, 0, 10000000, 1, '2026-06-03 04:58:37', '2026-06-03 04:58:37', '202243500023', 12, NULL),
(223, 8000000, 0, 0, 8000000, 1, '2026-06-03 04:58:37', '2026-06-03 04:58:37', '202243500017', 13, NULL),
(224, 8000000, 0, 0, 8000000, 1, '2026-06-03 04:58:37', '2026-06-03 04:58:37', '202243500076', 14, NULL),
(225, 15000000, 0, 0, 15000000, 1, '2026-06-03 04:58:37', '2026-06-03 04:58:37', '202243500107', 15, NULL),
(226, 10000000, 0, 0, 10000000, 1, '2026-06-03 04:58:37', '2026-06-03 04:58:37', '202243500098', 16, NULL),
(227, 8000000, 0, 0, 8000000, 1, '2026-06-03 04:58:37', '2026-06-03 04:58:37', '202243500070', 17, NULL),
(228, 8000000, 0, 0, 8000000, 1, '2026-06-03 04:58:37', '2026-06-03 04:58:37', '202243500027', 18, NULL),
(229, 15000000, 0, 0, 15000000, 1, '2026-06-03 04:58:37', '2026-06-03 04:58:37', '202243500104', 19, NULL),
(230, 10000000, 0, 0, 10000000, 1, '2026-06-03 04:58:37', '2026-06-03 04:58:37', '202243500020', 20, NULL),
(231, 8000000, 0, 0, 8000000, 1, '2026-06-03 04:58:37', '2026-06-03 04:58:37', '202243500097', 21, NULL),
(232, 8000000, 0, 0, 8000000, 1, '2026-06-03 04:58:37', '2026-06-03 04:58:37', '202243500009', 22, NULL),
(233, 15000000, 0, 0, 15000000, 1, '2026-06-03 04:58:37', '2026-06-03 04:58:37', '202243500035', 23, NULL),
(234, 10000000, 0, 0, 10000000, 1, '2026-06-03 04:58:37', '2026-06-03 04:58:37', '202243500109', 24, NULL),
(235, 8000000, 0, 0, 8000000, 1, '2026-06-03 04:58:37', '2026-06-03 04:58:37', '202243500117', 25, NULL),
(236, 8000000, 0, 0, 8000000, 1, '2026-06-03 04:58:37', '2026-06-03 04:58:37', '202243500013', 26, NULL),
(237, 15000000, 0, 0, 15000000, 1, '2026-06-03 04:58:37', '2026-06-03 04:58:37', '202243500066', 27, NULL),
(238, 10000000, 0, 0, 10000000, 1, '2026-06-03 04:58:37', '2026-06-03 04:58:37', '202243500004', 28, NULL),
(239, 8000000, 0, 0, 8000000, 1, '2026-06-03 04:58:37', '2026-06-03 04:58:37', '202243500011', 29, NULL),
(240, 8000000, 0, 0, 8000000, 1, '2026-06-03 04:58:37', '2026-06-03 04:58:37', '202243500046', 30, NULL),
(241, 15000000, 0, 0, 15000000, 1, '2026-06-03 04:58:53', '2026-06-03 04:58:53', '202243500050', 1, NULL),
(242, 10000000, 0, 0, 10000000, 1, '2026-06-03 04:58:54', '2026-06-03 04:58:54', '202243500103', 2, NULL),
(243, 8000000, 0, 0, 8000000, 1, '2026-06-03 04:58:54', '2026-06-03 04:58:54', '202243500057', 3, NULL),
(244, 8000000, 0, 0, 8000000, 1, '2026-06-03 04:58:54', '2026-06-03 04:58:54', '202243500073', 4, NULL),
(245, 15000000, 0, 0, 15000000, 1, '2026-06-03 04:58:54', '2026-06-03 04:58:54', '202243500005', 5, NULL),
(246, 10000000, 0, 0, 10000000, 1, '2026-06-03 04:58:54', '2026-06-03 04:58:54', '202243500071', 6, NULL),
(247, 8000000, 0, 0, 8000000, 1, '2026-06-03 04:58:54', '2026-06-03 04:58:54', '202243500001', 7, NULL),
(248, 50000000, 0, 0, 50000000, 1, '2026-06-03 04:58:54', '2026-06-03 04:58:54', '202243500099', 8, NULL),
(249, 50000000, 0, 0, 50000000, 1, '2026-06-03 04:58:54', '2026-06-03 04:58:54', '202243500028', 9, NULL),
(250, 20000000, 0, 0, 20000000, 1, '2026-06-03 04:58:54', '2026-06-03 04:58:54', '202243500118', 10, NULL),
(251, 15000000, 0, 0, 15000000, 1, '2026-06-03 04:58:54', '2026-06-03 04:58:54', '202243500096', 11, NULL),
(252, 10000000, 0, 0, 10000000, 1, '2026-06-03 04:58:54', '2026-06-03 04:58:54', '202243500023', 12, NULL),
(253, 8000000, 0, 0, 8000000, 1, '2026-06-03 04:58:54', '2026-06-03 04:58:54', '202243500017', 13, NULL),
(254, 8000000, 0, 0, 8000000, 1, '2026-06-03 04:58:54', '2026-06-03 04:58:54', '202243500076', 14, NULL),
(255, 15000000, 0, 0, 15000000, 1, '2026-06-03 04:58:54', '2026-06-03 04:58:54', '202243500107', 15, NULL),
(256, 10000000, 0, 0, 10000000, 1, '2026-06-03 04:58:54', '2026-06-03 04:58:54', '202243500098', 16, NULL),
(257, 8000000, 0, 0, 8000000, 1, '2026-06-03 04:58:54', '2026-06-03 04:58:54', '202243500070', 17, NULL),
(258, 8000000, 0, 0, 8000000, 1, '2026-06-03 04:58:54', '2026-06-03 04:58:54', '202243500027', 18, NULL),
(259, 15000000, 0, 0, 15000000, 1, '2026-06-03 04:58:54', '2026-06-03 04:58:54', '202243500104', 19, NULL),
(260, 10000000, 0, 0, 10000000, 1, '2026-06-03 04:58:54', '2026-06-03 04:58:54', '202243500020', 20, NULL),
(261, 8000000, 0, 0, 8000000, 1, '2026-06-03 04:58:54', '2026-06-03 04:58:54', '202243500097', 21, NULL),
(262, 8000000, 0, 0, 8000000, 1, '2026-06-03 04:58:54', '2026-06-03 04:58:54', '202243500009', 22, NULL),
(263, 15000000, 0, 0, 15000000, 1, '2026-06-03 04:58:54', '2026-06-03 04:58:54', '202243500035', 23, NULL),
(264, 10000000, 0, 0, 10000000, 1, '2026-06-03 04:58:54', '2026-06-03 04:58:54', '202243500109', 24, NULL),
(265, 8000000, 0, 0, 8000000, 1, '2026-06-03 04:58:54', '2026-06-03 04:58:54', '202243500117', 25, NULL),
(266, 8000000, 0, 0, 8000000, 1, '2026-06-03 04:58:54', '2026-06-03 04:58:54', '202243500013', 26, NULL),
(267, 15000000, 0, 0, 15000000, 1, '2026-06-03 04:58:54', '2026-06-03 04:58:54', '202243500066', 27, NULL),
(268, 10000000, 0, 0, 10000000, 1, '2026-06-03 04:58:54', '2026-06-03 04:58:54', '202243500004', 28, NULL),
(269, 8000000, 0, 0, 8000000, 1, '2026-06-03 04:58:54', '2026-06-03 04:58:54', '202243500011', 29, NULL),
(270, 8000000, 0, 0, 8000000, 1, '2026-06-03 04:58:54', '2026-06-03 04:58:54', '202243500046', 30, NULL),
(271, 15000000, 0, 0, 15000000, 1, '2026-06-03 06:30:54', '2026-06-03 06:30:54', '202243500050', 1, NULL),
(272, 10000000, 0, 0, 10000000, 1, '2026-06-03 06:30:54', '2026-06-03 06:30:54', '202243500103', 2, NULL),
(273, 8000000, 0, 0, 8000000, 1, '2026-06-03 06:30:54', '2026-06-03 06:30:54', '202243500057', 3, NULL),
(274, 8000000, 0, 0, 8000000, 1, '2026-06-03 06:30:54', '2026-06-03 06:30:54', '202243500073', 4, NULL),
(275, 15000000, 0, 0, 15000000, 1, '2026-06-03 06:30:54', '2026-06-03 06:30:54', '202243500005', 5, NULL),
(276, 10000000, 0, 0, 10000000, 1, '2026-06-03 06:30:54', '2026-06-03 06:30:54', '202243500071', 6, NULL),
(277, 8000000, 0, 0, 8000000, 1, '2026-06-03 06:30:54', '2026-06-03 06:30:54', '202243500001', 7, NULL),
(278, 50000000, 0, 0, 50000000, 1, '2026-06-03 06:30:54', '2026-06-03 06:30:54', '202243500099', 8, NULL),
(279, 50000000, 0, 0, 50000000, 1, '2026-06-03 06:30:54', '2026-06-03 06:30:54', '202243500028', 9, NULL),
(280, 20000000, 0, 0, 20000000, 1, '2026-06-03 06:30:54', '2026-06-03 06:30:54', '202243500118', 10, NULL),
(281, 15000000, 0, 0, 15000000, 1, '2026-06-03 06:30:54', '2026-06-03 06:30:54', '202243500096', 11, NULL),
(282, 10000000, 0, 0, 10000000, 1, '2026-06-03 06:30:54', '2026-06-03 06:30:54', '202243500023', 12, NULL),
(283, 8000000, 0, 0, 8000000, 1, '2026-06-03 06:30:54', '2026-06-03 06:30:54', '202243500017', 13, NULL),
(284, 8000000, 0, 0, 8000000, 1, '2026-06-03 06:30:54', '2026-06-03 06:30:54', '202243500076', 14, NULL),
(285, 15000000, 0, 0, 15000000, 1, '2026-06-03 06:30:54', '2026-06-03 06:30:54', '202243500107', 15, NULL),
(286, 10000000, 0, 0, 10000000, 1, '2026-06-03 06:30:54', '2026-06-03 06:30:54', '202243500098', 16, NULL),
(287, 8000000, 0, 0, 8000000, 1, '2026-06-03 06:30:54', '2026-06-03 06:30:54', '202243500070', 17, NULL),
(288, 8000000, 0, 0, 8000000, 1, '2026-06-03 06:30:54', '2026-06-03 06:30:54', '202243500027', 18, NULL),
(289, 15000000, 0, 0, 15000000, 1, '2026-06-03 06:30:54', '2026-06-03 06:30:54', '202243500104', 19, NULL),
(290, 10000000, 0, 0, 10000000, 1, '2026-06-03 06:30:54', '2026-06-03 06:30:54', '202243500020', 20, NULL),
(291, 8000000, 0, 0, 8000000, 1, '2026-06-03 06:30:54', '2026-06-03 06:30:54', '202243500097', 21, NULL),
(292, 8000000, 0, 0, 8000000, 1, '2026-06-03 06:30:54', '2026-06-03 06:30:54', '202243500009', 22, NULL),
(293, 15000000, 0, 0, 15000000, 1, '2026-06-03 06:30:54', '2026-06-03 06:30:54', '202243500035', 23, NULL),
(294, 10000000, 0, 0, 10000000, 1, '2026-06-03 06:30:54', '2026-06-03 06:30:54', '202243500109', 24, NULL),
(295, 8000000, 0, 0, 8000000, 1, '2026-06-03 06:30:54', '2026-06-03 06:30:54', '202243500117', 25, NULL),
(296, 8000000, 0, 0, 8000000, 1, '2026-06-03 06:30:54', '2026-06-03 06:30:54', '202243500013', 26, NULL),
(297, 15000000, 0, 0, 15000000, 1, '2026-06-03 06:30:54', '2026-06-03 06:30:54', '202243500066', 27, NULL),
(298, 10000000, 0, 0, 10000000, 1, '2026-06-03 06:30:54', '2026-06-03 06:30:54', '202243500004', 28, NULL),
(299, 8000000, 0, 0, 8000000, 1, '2026-06-03 06:30:54', '2026-06-03 06:30:54', '202243500011', 29, NULL),
(300, 8000000, 0, 0, 8000000, 1, '2026-06-03 06:30:54', '2026-06-03 06:30:54', '202243500046', 30, NULL),
(301, 15000000, 0, 0, 15000000, 1, '2026-06-04 04:00:50', '2026-06-04 04:00:50', '202243500050', 1, NULL),
(302, 10000000, 0, 0, 10000000, 1, '2026-06-04 04:00:50', '2026-06-04 04:00:50', '202243500103', 2, NULL),
(303, 8000000, 0, 0, 8000000, 1, '2026-06-04 04:00:50', '2026-06-04 04:00:50', '202243500057', 3, NULL),
(304, 8000000, 0, 0, 8000000, 1, '2026-06-04 04:00:50', '2026-06-04 04:00:50', '202243500073', 4, NULL),
(305, 15000000, 0, 0, 15000000, 1, '2026-06-04 04:00:50', '2026-06-04 04:00:50', '202243500005', 5, NULL),
(306, 10000000, 0, 0, 10000000, 1, '2026-06-04 04:00:50', '2026-06-04 04:00:50', '202243500071', 6, NULL),
(307, 8000000, 0, 0, 8000000, 1, '2026-06-04 04:00:50', '2026-06-04 04:00:50', '202243500001', 7, NULL),
(308, 50000000, 0, 0, 50000000, 1, '2026-06-04 04:00:50', '2026-06-04 04:00:50', '202243500099', 8, NULL),
(309, 50000000, 0, 0, 50000000, 1, '2026-06-04 04:00:50', '2026-06-04 04:00:50', '202243500028', 9, NULL),
(310, 20000000, 0, 0, 20000000, 1, '2026-06-04 04:00:50', '2026-06-04 04:00:50', '202243500118', 10, NULL),
(311, 15000000, 0, 0, 15000000, 1, '2026-06-04 04:00:50', '2026-06-04 04:00:50', '202243500096', 11, NULL),
(312, 10000000, 0, 0, 10000000, 1, '2026-06-04 04:00:50', '2026-06-04 04:00:50', '202243500023', 12, NULL),
(313, 8000000, 0, 0, 8000000, 1, '2026-06-04 04:00:50', '2026-06-04 04:00:50', '202243500017', 13, NULL),
(314, 8000000, 0, 0, 8000000, 1, '2026-06-04 04:00:50', '2026-06-04 04:00:50', '202243500076', 14, NULL),
(315, 15000000, 0, 0, 15000000, 1, '2026-06-04 04:00:50', '2026-06-04 04:00:50', '202243500107', 15, NULL),
(316, 10000000, 0, 0, 10000000, 1, '2026-06-04 04:00:50', '2026-06-04 04:00:50', '202243500098', 16, NULL),
(317, 8000000, 0, 0, 8000000, 1, '2026-06-04 04:00:50', '2026-06-04 04:00:50', '202243500070', 17, NULL),
(318, 8000000, 0, 0, 8000000, 1, '2026-06-04 04:00:50', '2026-06-04 04:00:50', '202243500027', 18, NULL),
(319, 15000000, 0, 0, 15000000, 1, '2026-06-04 04:00:50', '2026-06-04 04:00:50', '202243500104', 19, NULL),
(320, 10000000, 0, 0, 10000000, 1, '2026-06-04 04:00:50', '2026-06-04 04:00:50', '202243500020', 20, NULL),
(321, 8000000, 0, 0, 8000000, 1, '2026-06-04 04:00:50', '2026-06-04 04:00:50', '202243500097', 21, NULL),
(322, 8000000, 0, 0, 8000000, 1, '2026-06-04 04:00:50', '2026-06-04 04:00:50', '202243500009', 22, NULL),
(323, 15000000, 0, 0, 15000000, 1, '2026-06-04 04:00:50', '2026-06-04 04:00:50', '202243500035', 23, NULL),
(324, 10000000, 0, 0, 10000000, 1, '2026-06-04 04:00:50', '2026-06-04 04:00:50', '202243500109', 24, NULL),
(325, 8000000, 0, 0, 8000000, 1, '2026-06-04 04:00:50', '2026-06-04 04:00:50', '202243500117', 25, NULL),
(326, 8000000, 0, 0, 8000000, 1, '2026-06-04 04:00:50', '2026-06-04 04:00:50', '202243500013', 26, NULL),
(327, 15000000, 0, 0, 15000000, 1, '2026-06-04 04:00:50', '2026-06-04 04:00:50', '202243500066', 27, NULL),
(328, 10000000, 0, 0, 10000000, 1, '2026-06-04 04:00:50', '2026-06-04 04:00:50', '202243500004', 28, NULL),
(329, 8000000, 0, 0, 8000000, 1, '2026-06-04 04:00:50', '2026-06-04 04:00:50', '202243500011', 29, NULL),
(330, 8000000, 0, 0, 8000000, 1, '2026-06-04 04:00:50', '2026-06-04 04:00:50', '202243500046', 30, NULL),
(331, 15000000, 0, 0, 15000000, 1, '2026-06-04 04:16:47', '2026-06-04 04:16:47', '202243500050', 1, NULL),
(332, 10000000, 0, 0, 10000000, 1, '2026-06-04 04:16:47', '2026-06-04 04:16:47', '202243500103', 2, NULL),
(333, 8000000, 0, 0, 8000000, 1, '2026-06-04 04:16:47', '2026-06-04 04:16:47', '202243500057', 3, NULL),
(334, 8000000, 0, 0, 8000000, 1, '2026-06-04 04:16:47', '2026-06-04 04:16:47', '202243500073', 4, NULL),
(335, 15000000, 0, 0, 15000000, 1, '2026-06-04 04:16:47', '2026-06-04 04:16:47', '202243500005', 5, NULL),
(336, 10000000, 0, 0, 10000000, 1, '2026-06-04 04:16:47', '2026-06-04 04:16:47', '202243500071', 6, NULL),
(337, 8000000, 0, 0, 8000000, 1, '2026-06-04 04:16:47', '2026-06-04 04:16:47', '202243500001', 7, NULL),
(338, 50000000, 0, 0, 50000000, 1, '2026-06-04 04:16:47', '2026-06-04 04:16:47', '202243500099', 8, NULL),
(339, 50000000, 0, 0, 50000000, 1, '2026-06-04 04:16:47', '2026-06-04 04:16:47', '202243500028', 9, NULL),
(340, 20000000, 0, 0, 20000000, 1, '2026-06-04 04:16:47', '2026-06-04 04:16:47', '202243500118', 10, NULL),
(341, 15000000, 0, 0, 15000000, 1, '2026-06-04 04:16:47', '2026-06-04 04:16:47', '202243500096', 11, NULL),
(342, 10000000, 0, 0, 10000000, 1, '2026-06-04 04:16:47', '2026-06-04 04:16:47', '202243500023', 12, NULL),
(343, 8000000, 0, 0, 8000000, 1, '2026-06-04 04:16:47', '2026-06-04 04:16:47', '202243500017', 13, NULL),
(344, 8000000, 0, 0, 8000000, 1, '2026-06-04 04:16:47', '2026-06-04 04:16:47', '202243500076', 14, NULL),
(345, 15000000, 0, 0, 15000000, 1, '2026-06-04 04:16:47', '2026-06-04 04:16:47', '202243500107', 15, NULL),
(346, 10000000, 0, 0, 10000000, 1, '2026-06-04 04:16:47', '2026-06-04 04:16:47', '202243500098', 16, NULL),
(347, 8000000, 0, 0, 8000000, 1, '2026-06-04 04:16:47', '2026-06-04 04:16:47', '202243500070', 17, NULL),
(348, 8000000, 0, 0, 8000000, 1, '2026-06-04 04:16:47', '2026-06-04 04:16:47', '202243500027', 18, NULL),
(349, 15000000, 0, 0, 15000000, 1, '2026-06-04 04:16:47', '2026-06-04 04:16:47', '202243500104', 19, NULL),
(350, 10000000, 0, 0, 10000000, 1, '2026-06-04 04:16:47', '2026-06-04 04:16:47', '202243500020', 20, NULL),
(351, 8000000, 0, 0, 8000000, 1, '2026-06-04 04:16:47', '2026-06-04 04:16:47', '202243500097', 21, NULL),
(352, 8000000, 0, 0, 8000000, 1, '2026-06-04 04:16:47', '2026-06-04 04:16:47', '202243500009', 22, NULL),
(353, 15000000, 0, 0, 15000000, 1, '2026-06-04 04:16:47', '2026-06-04 04:16:47', '202243500035', 23, NULL),
(354, 10000000, 0, 0, 10000000, 1, '2026-06-04 04:16:47', '2026-06-04 04:16:47', '202243500109', 24, NULL),
(355, 8000000, 0, 0, 8000000, 1, '2026-06-04 04:16:47', '2026-06-04 04:16:47', '202243500117', 25, NULL),
(356, 8000000, 0, 0, 8000000, 1, '2026-06-04 04:16:47', '2026-06-04 04:16:47', '202243500013', 26, NULL),
(357, 15000000, 0, 0, 15000000, 1, '2026-06-04 04:16:47', '2026-06-04 04:16:47', '202243500066', 27, NULL),
(358, 10000000, 0, 0, 10000000, 1, '2026-06-04 04:16:47', '2026-06-04 04:16:47', '202243500004', 28, NULL),
(359, 8000000, 0, 0, 8000000, 1, '2026-06-04 04:16:47', '2026-06-04 04:16:47', '202243500011', 29, NULL),
(360, 8000000, 0, 0, 8000000, 1, '2026-06-04 04:16:47', '2026-06-04 04:16:47', '202243500046', 30, NULL),
(361, 15000000, 0, 0, 15000000, 1, '2026-06-04 04:37:28', '2026-06-04 04:37:28', '202243500050', 1, NULL),
(362, 10000000, 0, 0, 10000000, 1, '2026-06-04 04:37:28', '2026-06-04 04:37:28', '202243500103', 2, NULL),
(363, 8000000, 0, 0, 8000000, 1, '2026-06-04 04:37:28', '2026-06-04 04:37:28', '202243500057', 3, NULL),
(364, 8000000, 0, 0, 8000000, 1, '2026-06-04 04:37:28', '2026-06-04 04:37:28', '202243500073', 4, NULL),
(365, 15000000, 0, 0, 15000000, 1, '2026-06-04 04:37:28', '2026-06-04 04:37:28', '202243500005', 5, NULL),
(366, 10000000, 0, 0, 10000000, 1, '2026-06-04 04:37:28', '2026-06-04 04:37:28', '202243500071', 6, NULL),
(367, 8000000, 0, 0, 8000000, 1, '2026-06-04 04:37:28', '2026-06-04 04:37:28', '202243500001', 7, NULL),
(368, 50000000, 0, 0, 50000000, 1, '2026-06-04 04:37:28', '2026-06-04 04:37:28', '202243500099', 8, NULL),
(369, 50000000, 0, 0, 50000000, 1, '2026-06-04 04:37:28', '2026-06-04 04:37:28', '202243500028', 9, NULL),
(370, 20000000, 0, 0, 20000000, 1, '2026-06-04 04:37:28', '2026-06-04 04:37:28', '202243500118', 10, NULL),
(371, 15000000, 0, 0, 15000000, 1, '2026-06-04 04:37:28', '2026-06-04 04:37:28', '202243500096', 11, NULL),
(372, 10000000, 0, 0, 10000000, 1, '2026-06-04 04:37:28', '2026-06-04 04:37:28', '202243500023', 12, NULL),
(373, 8000000, 0, 0, 8000000, 1, '2026-06-04 04:37:28', '2026-06-04 04:37:28', '202243500017', 13, NULL),
(374, 8000000, 0, 0, 8000000, 1, '2026-06-04 04:37:28', '2026-06-04 04:37:28', '202243500076', 14, NULL),
(375, 15000000, 0, 0, 15000000, 1, '2026-06-04 04:37:28', '2026-06-04 04:37:28', '202243500107', 15, NULL),
(376, 10000000, 0, 0, 10000000, 1, '2026-06-04 04:37:28', '2026-06-04 04:37:28', '202243500098', 16, NULL),
(377, 8000000, 0, 0, 8000000, 1, '2026-06-04 04:37:28', '2026-06-04 04:37:28', '202243500070', 17, NULL),
(378, 8000000, 0, 0, 8000000, 1, '2026-06-04 04:37:28', '2026-06-04 04:37:28', '202243500027', 18, NULL),
(379, 15000000, 0, 0, 15000000, 1, '2026-06-04 04:37:28', '2026-06-04 04:37:28', '202243500104', 19, NULL),
(380, 10000000, 0, 0, 10000000, 1, '2026-06-04 04:37:28', '2026-06-04 04:37:28', '202243500020', 20, NULL),
(381, 8000000, 0, 0, 8000000, 1, '2026-06-04 04:37:28', '2026-06-04 04:37:28', '202243500097', 21, NULL),
(382, 8000000, 0, 0, 8000000, 1, '2026-06-04 04:37:28', '2026-06-04 04:37:28', '202243500009', 22, NULL),
(383, 15000000, 0, 0, 15000000, 1, '2026-06-04 04:37:28', '2026-06-04 04:37:28', '202243500035', 23, NULL),
(384, 10000000, 0, 0, 10000000, 1, '2026-06-04 04:37:28', '2026-06-04 04:37:28', '202243500109', 24, NULL),
(385, 8000000, 0, 0, 8000000, 1, '2026-06-04 04:37:28', '2026-06-04 04:37:28', '202243500117', 25, NULL),
(386, 8000000, 0, 0, 8000000, 1, '2026-06-04 04:37:28', '2026-06-04 04:37:28', '202243500013', 26, NULL),
(387, 15000000, 0, 0, 15000000, 1, '2026-06-04 04:37:28', '2026-06-04 04:37:28', '202243500066', 27, NULL),
(388, 10000000, 0, 0, 10000000, 1, '2026-06-04 04:37:28', '2026-06-04 04:37:28', '202243500004', 28, NULL),
(389, 8000000, 0, 0, 8000000, 1, '2026-06-04 04:37:28', '2026-06-04 04:37:28', '202243500011', 29, NULL),
(390, 8000000, 0, 0, 8000000, 1, '2026-06-04 04:37:28', '2026-06-04 04:37:28', '202243500046', 30, NULL),
(391, 5000000, 900000, 0, 5900000, 1, '2026-06-04 04:37:28', '2026-06-04 04:37:28', '202243500681', 101, NULL),
(392, 15000000, 0, 0, 15000000, 1, '2026-06-04 06:45:14', '2026-06-04 06:45:14', '202243500050', 1, NULL),
(393, 10000000, 0, 0, 10000000, 1, '2026-06-04 06:45:14', '2026-06-04 06:45:14', '202243500103', 2, NULL),
(394, 8000000, 0, 0, 8000000, 1, '2026-06-04 06:45:14', '2026-06-04 06:45:14', '202243500057', 3, NULL),
(395, 8000000, 0, 0, 8000000, 1, '2026-06-04 06:45:14', '2026-06-04 06:45:14', '202243500073', 4, NULL),
(396, 15000000, 0, 0, 15000000, 1, '2026-06-04 06:45:14', '2026-06-04 06:45:14', '202243500005', 5, NULL),
(397, 10000000, 0, 0, 10000000, 1, '2026-06-04 06:45:14', '2026-06-04 06:45:14', '202243500071', 6, NULL),
(398, 8000000, 0, 0, 8000000, 1, '2026-06-04 06:45:14', '2026-06-04 06:45:14', '202243500001', 7, NULL),
(399, 50000000, 0, 0, 50000000, 1, '2026-06-04 06:45:14', '2026-06-04 06:45:14', '202243500099', 8, NULL),
(400, 50000000, 0, 0, 50000000, 1, '2026-06-04 06:45:14', '2026-06-04 06:45:14', '202243500028', 9, NULL),
(401, 20000000, 0, 0, 20000000, 1, '2026-06-04 06:45:14', '2026-06-04 06:45:14', '202243500118', 10, NULL),
(402, 15000000, 0, 0, 15000000, 1, '2026-06-04 06:45:14', '2026-06-04 06:45:14', '202243500096', 11, NULL),
(403, 10000000, 0, 0, 10000000, 1, '2026-06-04 06:45:14', '2026-06-04 06:45:14', '202243500023', 12, NULL),
(404, 8000000, 0, 0, 8000000, 1, '2026-06-04 06:45:14', '2026-06-04 06:45:14', '202243500017', 13, NULL),
(405, 8000000, 0, 0, 8000000, 1, '2026-06-04 06:45:14', '2026-06-04 06:45:14', '202243500076', 14, NULL),
(406, 15000000, 0, 0, 15000000, 1, '2026-06-04 06:45:14', '2026-06-04 06:45:14', '202243500107', 15, NULL),
(407, 10000000, 0, 0, 10000000, 1, '2026-06-04 06:45:14', '2026-06-04 06:45:14', '202243500098', 16, NULL),
(408, 8000000, 0, 0, 8000000, 1, '2026-06-04 06:45:14', '2026-06-04 06:45:14', '202243500070', 17, NULL),
(409, 8000000, 0, 0, 8000000, 1, '2026-06-04 06:45:14', '2026-06-04 06:45:14', '202243500027', 18, NULL),
(410, 15000000, 0, 0, 15000000, 1, '2026-06-04 06:45:14', '2026-06-04 06:45:14', '202243500104', 19, NULL),
(411, 10000000, 0, 0, 10000000, 1, '2026-06-04 06:45:14', '2026-06-04 06:45:14', '202243500020', 20, NULL),
(412, 8000000, 0, 0, 8000000, 1, '2026-06-04 06:45:14', '2026-06-04 06:45:14', '202243500097', 21, NULL),
(413, 8000000, 0, 0, 8000000, 1, '2026-06-04 06:45:14', '2026-06-04 06:45:14', '202243500009', 22, NULL),
(414, 15000000, 0, 0, 15000000, 1, '2026-06-04 06:45:14', '2026-06-04 06:45:14', '202243500035', 23, NULL),
(415, 10000000, 0, 0, 10000000, 1, '2026-06-04 06:45:14', '2026-06-04 06:45:14', '202243500109', 24, NULL),
(416, 8000000, 0, 0, 8000000, 1, '2026-06-04 06:45:14', '2026-06-04 06:45:14', '202243500117', 25, NULL),
(417, 8000000, 0, 0, 8000000, 1, '2026-06-04 06:45:14', '2026-06-04 06:45:14', '202243500013', 26, NULL),
(418, 15000000, 0, 0, 15000000, 1, '2026-06-04 06:45:14', '2026-06-04 06:45:14', '202243500066', 27, NULL),
(419, 10000000, 0, 0, 10000000, 1, '2026-06-04 06:45:14', '2026-06-04 06:45:14', '202243500004', 28, NULL),
(420, 8000000, 0, 0, 8000000, 1, '2026-06-04 06:45:14', '2026-06-04 06:45:14', '202243500011', 29, NULL),
(421, 8000000, 0, 0, 8000000, 1, '2026-06-04 06:45:14', '2026-06-04 06:45:14', '202243500046', 30, NULL),
(422, 5000000, 0, 0, 5000000, 1, '2026-06-04 06:45:14', '2026-06-04 06:45:14', '202243500681', 101, NULL),
(423, 15000000, 0, 0, 15000000, 1, '2026-06-04 07:27:12', '2026-06-04 07:27:12', '202243500050', 1, NULL),
(424, 10000000, 0, 0, 10000000, 1, '2026-06-04 07:27:12', '2026-06-04 07:27:12', '202243500103', 2, NULL),
(425, 8000000, 0, 0, 8000000, 1, '2026-06-04 07:27:12', '2026-06-04 07:27:12', '202243500057', 3, NULL),
(426, 8000000, 0, 0, 8000000, 1, '2026-06-04 07:27:12', '2026-06-04 07:27:12', '202243500073', 4, NULL),
(427, 15000000, 0, 0, 15000000, 1, '2026-06-04 07:27:12', '2026-06-04 07:27:12', '202243500005', 5, NULL),
(428, 10000000, 0, 0, 10000000, 1, '2026-06-04 07:27:12', '2026-06-04 07:27:12', '202243500071', 6, NULL),
(429, 8000000, 0, 0, 8000000, 1, '2026-06-04 07:27:12', '2026-06-04 07:27:12', '202243500001', 7, NULL),
(430, 50000000, 0, 0, 50000000, 1, '2026-06-04 07:27:12', '2026-06-04 07:27:12', '202243500099', 8, NULL),
(431, 50000000, 0, 0, 50000000, 1, '2026-06-04 07:27:12', '2026-06-04 07:27:12', '202243500028', 9, NULL),
(432, 20000000, 0, 0, 20000000, 1, '2026-06-04 07:27:12', '2026-06-04 07:27:12', '202243500118', 10, NULL),
(433, 15000000, 0, 0, 15000000, 1, '2026-06-04 07:27:13', '2026-06-04 07:27:13', '202243500096', 11, NULL),
(434, 10000000, 0, 0, 10000000, 1, '2026-06-04 07:27:13', '2026-06-04 07:27:13', '202243500023', 12, NULL),
(435, 8000000, 0, 0, 8000000, 1, '2026-06-04 07:27:13', '2026-06-04 07:27:13', '202243500017', 13, NULL),
(436, 8000000, 0, 0, 8000000, 1, '2026-06-04 07:27:13', '2026-06-04 07:27:13', '202243500076', 14, NULL),
(437, 15000000, 0, 0, 15000000, 1, '2026-06-04 07:27:13', '2026-06-04 07:27:13', '202243500107', 15, NULL),
(438, 10000000, 0, 0, 10000000, 1, '2026-06-04 07:27:13', '2026-06-04 07:27:13', '202243500098', 16, NULL),
(439, 8000000, 0, 0, 8000000, 1, '2026-06-04 07:27:13', '2026-06-04 07:27:13', '202243500070', 17, NULL),
(440, 8000000, 0, 0, 8000000, 1, '2026-06-04 07:27:13', '2026-06-04 07:27:13', '202243500027', 18, NULL),
(441, 15000000, 0, 0, 15000000, 1, '2026-06-04 07:27:13', '2026-06-04 07:27:13', '202243500104', 19, NULL),
(442, 10000000, 0, 0, 10000000, 1, '2026-06-04 07:27:13', '2026-06-04 07:27:13', '202243500020', 20, NULL),
(443, 8000000, 0, 0, 8000000, 1, '2026-06-04 07:27:13', '2026-06-04 07:27:13', '202243500097', 21, NULL),
(444, 8000000, 0, 0, 8000000, 1, '2026-06-04 07:27:13', '2026-06-04 07:27:13', '202243500009', 22, NULL),
(445, 15000000, 0, 0, 15000000, 1, '2026-06-04 07:27:13', '2026-06-04 07:27:13', '202243500035', 23, NULL),
(446, 10000000, 0, 0, 10000000, 1, '2026-06-04 07:27:13', '2026-06-04 07:27:13', '202243500109', 24, NULL),
(447, 8000000, 0, 0, 8000000, 1, '2026-06-04 07:27:13', '2026-06-04 07:27:13', '202243500117', 25, NULL),
(448, 8000000, 0, 0, 8000000, 1, '2026-06-04 07:27:13', '2026-06-04 07:27:13', '202243500013', 26, NULL),
(449, 15000000, 0, 0, 15000000, 1, '2026-06-04 07:27:13', '2026-06-04 07:27:13', '202243500066', 27, NULL),
(450, 10000000, 0, 0, 10000000, 1, '2026-06-04 07:27:13', '2026-06-04 07:27:13', '202243500004', 28, NULL),
(451, 8000000, 0, 0, 8000000, 1, '2026-06-04 07:27:13', '2026-06-04 07:27:13', '202243500011', 29, NULL),
(452, 8000000, 0, 0, 8000000, 1, '2026-06-04 07:27:13', '2026-06-04 07:27:13', '202243500046', 30, NULL),
(453, 5000000, 0, 0, 5000000, 1, '2026-06-04 07:27:13', '2026-06-04 07:27:13', '202243500681', 101, NULL),
(454, 15000000, 0, 0, 15000000, 1, '2026-06-04 07:28:55', '2026-06-04 07:28:55', '202243500050', 1, NULL),
(455, 10000000, 0, 0, 10000000, 1, '2026-06-04 07:28:55', '2026-06-04 07:28:55', '202243500103', 2, NULL),
(456, 8000000, 0, 0, 8000000, 1, '2026-06-04 07:28:55', '2026-06-04 07:28:55', '202243500057', 3, NULL),
(457, 8000000, 0, 0, 8000000, 1, '2026-06-04 07:28:55', '2026-06-04 07:28:55', '202243500073', 4, NULL),
(458, 15000000, 0, 0, 15000000, 1, '2026-06-04 07:28:55', '2026-06-04 07:28:55', '202243500005', 5, NULL),
(459, 10000000, 0, 0, 10000000, 1, '2026-06-04 07:28:55', '2026-06-04 07:28:55', '202243500071', 6, NULL),
(460, 8000000, 0, 0, 8000000, 1, '2026-06-04 07:28:55', '2026-06-04 07:28:55', '202243500001', 7, NULL),
(461, 50000000, 0, 0, 50000000, 1, '2026-06-04 07:28:55', '2026-06-04 07:28:55', '202243500099', 8, NULL),
(462, 50000000, 0, 0, 50000000, 1, '2026-06-04 07:28:55', '2026-06-04 07:28:55', '202243500028', 9, NULL),
(463, 20000000, 0, 0, 20000000, 1, '2026-06-04 07:28:55', '2026-06-04 07:28:55', '202243500118', 10, NULL),
(464, 15000000, 0, 0, 15000000, 1, '2026-06-04 07:28:55', '2026-06-04 07:28:55', '202243500096', 11, NULL),
(465, 10000000, 0, 0, 10000000, 1, '2026-06-04 07:28:55', '2026-06-04 07:28:55', '202243500023', 12, NULL),
(466, 8000000, 0, 0, 8000000, 1, '2026-06-04 07:28:55', '2026-06-04 07:28:55', '202243500017', 13, NULL),
(467, 8000000, 0, 0, 8000000, 1, '2026-06-04 07:28:55', '2026-06-04 07:28:55', '202243500076', 14, NULL),
(468, 15000000, 0, 0, 15000000, 1, '2026-06-04 07:28:55', '2026-06-04 07:28:55', '202243500107', 15, NULL),
(469, 10000000, 0, 0, 10000000, 1, '2026-06-04 07:28:55', '2026-06-04 07:28:55', '202243500098', 16, NULL),
(470, 8000000, 0, 0, 8000000, 1, '2026-06-04 07:28:55', '2026-06-04 07:28:55', '202243500070', 17, NULL),
(471, 8000000, 0, 0, 8000000, 1, '2026-06-04 07:28:55', '2026-06-04 07:28:55', '202243500027', 18, NULL),
(472, 15000000, 0, 0, 15000000, 1, '2026-06-04 07:28:55', '2026-06-04 07:28:55', '202243500104', 19, NULL),
(473, 10000000, 0, 0, 10000000, 1, '2026-06-04 07:28:55', '2026-06-04 07:28:55', '202243500020', 20, NULL),
(474, 8000000, 0, 0, 8000000, 1, '2026-06-04 07:28:55', '2026-06-04 07:28:55', '202243500097', 21, NULL),
(475, 8000000, 0, 0, 8000000, 1, '2026-06-04 07:28:55', '2026-06-04 07:28:55', '202243500009', 22, NULL);
INSERT INTO `salarypermonth` (`idsalarypermonth`, `basicsalary`, `overtimebonus`, `cut_late`, `totalsalarythismonth`, `isdeleted`, `created_at`, `updated_at`, `nik`, `idemployee`, `salary_period`) VALUES
(476, 15000000, 0, 0, 15000000, 1, '2026-06-04 07:28:55', '2026-06-04 07:28:55', '202243500035', 23, NULL),
(477, 10000000, 0, 0, 10000000, 1, '2026-06-04 07:28:55', '2026-06-04 07:28:55', '202243500109', 24, NULL),
(478, 8000000, 0, 0, 8000000, 1, '2026-06-04 07:28:55', '2026-06-04 07:28:55', '202243500117', 25, NULL),
(479, 8000000, 0, 0, 8000000, 1, '2026-06-04 07:28:55', '2026-06-04 07:28:55', '202243500013', 26, NULL),
(480, 15000000, 0, 0, 15000000, 1, '2026-06-04 07:28:55', '2026-06-04 07:28:55', '202243500066', 27, NULL),
(481, 10000000, 0, 0, 10000000, 1, '2026-06-04 07:28:55', '2026-06-04 07:28:55', '202243500004', 28, NULL),
(482, 8000000, 0, 0, 8000000, 1, '2026-06-04 07:28:55', '2026-06-04 07:28:55', '202243500011', 29, NULL),
(483, 8000000, 0, 0, 8000000, 1, '2026-06-04 07:28:55', '2026-06-04 07:28:55', '202243500046', 30, NULL),
(484, 5000000, 0, 0, 5000000, 1, '2026-06-04 07:28:55', '2026-06-04 07:28:55', '202243500681', 101, NULL),
(485, 15000000, 0, 0, 15000000, 0, '2026-06-04 07:35:26', '2026-06-04 07:35:26', '202243500050', 1, NULL),
(486, 10000000, 0, 0, 10000000, 0, '2026-06-04 07:35:26', '2026-06-04 07:35:26', '202243500103', 2, NULL),
(487, 8000000, 0, 0, 8000000, 0, '2026-06-04 07:35:26', '2026-06-04 07:35:26', '202243500057', 3, NULL),
(488, 8000000, 0, 0, 8000000, 0, '2026-06-04 07:35:26', '2026-06-04 07:35:26', '202243500073', 4, NULL),
(489, 15000000, 0, 0, 15000000, 0, '2026-06-04 07:35:26', '2026-06-04 07:35:26', '202243500005', 5, NULL),
(490, 10000000, 0, 0, 10000000, 0, '2026-06-04 07:35:26', '2026-06-04 07:35:26', '202243500071', 6, NULL),
(491, 8000000, 0, 0, 8000000, 0, '2026-06-04 07:35:26', '2026-06-04 07:35:26', '202243500001', 7, NULL),
(492, 50000000, 0, 0, 50000000, 0, '2026-06-04 07:35:26', '2026-06-04 07:35:26', '202243500099', 8, NULL),
(493, 50000000, 0, 0, 50000000, 0, '2026-06-04 07:35:26', '2026-06-04 07:35:26', '202243500028', 9, NULL),
(494, 20000000, 0, 0, 20000000, 0, '2026-06-04 07:35:26', '2026-06-04 07:35:26', '202243500118', 10, NULL),
(495, 15000000, 0, 0, 15000000, 0, '2026-06-04 07:35:26', '2026-06-04 07:35:26', '202243500096', 11, NULL),
(496, 10000000, 0, 0, 10000000, 0, '2026-06-04 07:35:26', '2026-06-04 07:35:26', '202243500023', 12, NULL),
(497, 8000000, 0, 0, 8000000, 0, '2026-06-04 07:35:26', '2026-06-04 07:35:26', '202243500017', 13, NULL),
(498, 8000000, 0, 0, 8000000, 0, '2026-06-04 07:35:26', '2026-06-04 07:35:26', '202243500076', 14, NULL),
(499, 15000000, 0, 0, 15000000, 0, '2026-06-04 07:35:26', '2026-06-04 07:35:26', '202243500107', 15, NULL),
(500, 10000000, 0, 0, 10000000, 0, '2026-06-04 07:35:26', '2026-06-04 07:35:26', '202243500098', 16, NULL),
(501, 8000000, 0, 0, 8000000, 0, '2026-06-04 07:35:26', '2026-06-04 07:35:26', '202243500070', 17, NULL),
(502, 8000000, 0, 0, 8000000, 0, '2026-06-04 07:35:26', '2026-06-04 07:35:26', '202243500027', 18, NULL),
(503, 15000000, 0, 0, 15000000, 0, '2026-06-04 07:35:26', '2026-06-04 07:35:26', '202243500104', 19, NULL),
(504, 10000000, 0, 0, 10000000, 0, '2026-06-04 07:35:26', '2026-06-04 07:35:26', '202243500020', 20, NULL),
(505, 8000000, 0, 0, 8000000, 0, '2026-06-04 07:35:26', '2026-06-04 07:35:26', '202243500097', 21, NULL),
(506, 8000000, 0, 0, 8000000, 0, '2026-06-04 07:35:26', '2026-06-04 07:35:26', '202243500009', 22, NULL),
(507, 15000000, 0, 0, 15000000, 0, '2026-06-04 07:35:26', '2026-06-04 07:35:26', '202243500035', 23, NULL),
(508, 10000000, 0, 0, 10000000, 0, '2026-06-04 07:35:26', '2026-06-04 07:35:26', '202243500109', 24, NULL),
(509, 8000000, 0, 0, 8000000, 0, '2026-06-04 07:35:26', '2026-06-04 07:35:26', '202243500117', 25, NULL),
(510, 8000000, 0, 0, 8000000, 0, '2026-06-04 07:35:26', '2026-06-04 07:35:26', '202243500013', 26, NULL),
(511, 15000000, 0, 0, 15000000, 0, '2026-06-04 07:35:26', '2026-06-04 07:35:26', '202243500066', 27, NULL),
(512, 10000000, 0, 0, 10000000, 0, '2026-06-04 07:35:26', '2026-06-04 07:35:26', '202243500004', 28, NULL),
(513, 8000000, 0, 0, 8000000, 0, '2026-06-04 07:35:26', '2026-06-04 07:35:26', '202243500011', 29, NULL),
(514, 8000000, 0, 0, 8000000, 0, '2026-06-04 07:35:26', '2026-06-04 07:35:26', '202243500046', 30, NULL),
(515, 5000000, 0, 0, 5000000, 0, '2026-06-04 07:35:26', '2026-06-04 07:35:26', '202243500681', 101, NULL),
(516, 15000000, 0, 0, 15000000, 1, '2026-06-15 03:47:51', '2026-06-15 03:47:51', '202243500050', 1, '2026-06-05'),
(517, 10000000, 0, 0, 10000000, 1, '2026-06-15 03:47:51', '2026-06-15 03:47:51', '202243500103', 2, '2026-06-05'),
(518, 8000000, 0, 0, 8000000, 1, '2026-06-15 03:47:51', '2026-06-15 03:47:51', '202243500057', 3, '2026-06-05'),
(519, 8000000, 0, 0, 8000000, 1, '2026-06-15 03:47:51', '2026-06-15 03:47:51', '202243500073', 4, '2026-06-05'),
(520, 15000000, 0, 0, 15000000, 1, '2026-06-15 03:47:51', '2026-06-15 03:47:51', '202243500005', 5, '2026-06-05'),
(521, 10000000, 0, 0, 10000000, 1, '2026-06-15 03:47:51', '2026-06-15 03:47:51', '202243500071', 6, '2026-06-05'),
(522, 8000000, 0, 0, 8000000, 1, '2026-06-15 03:47:51', '2026-06-15 03:47:51', '202243500001', 7, '2026-06-05'),
(523, 50000000, 0, 0, 50000000, 1, '2026-06-15 03:47:51', '2026-06-15 03:47:51', '202243500099', 8, '2026-06-05'),
(524, 50000000, 0, 0, 50000000, 1, '2026-06-15 03:47:51', '2026-06-15 03:47:51', '202243500028', 9, '2026-06-05'),
(525, 20000000, 0, 0, 20000000, 1, '2026-06-15 03:47:51', '2026-06-15 03:47:51', '202243500118', 10, '2026-06-05'),
(526, 15000000, 0, 0, 15000000, 1, '2026-06-15 03:47:51', '2026-06-15 03:47:51', '202243500096', 11, '2026-06-05'),
(527, 10000000, 0, 0, 10000000, 1, '2026-06-15 03:47:51', '2026-06-15 03:47:51', '202243500023', 12, '2026-06-05'),
(528, 8000000, 0, 0, 8000000, 1, '2026-06-15 03:47:51', '2026-06-15 03:47:51', '202243500017', 13, '2026-06-05'),
(529, 8000000, 0, 0, 8000000, 1, '2026-06-15 03:47:51', '2026-06-15 03:47:51', '202243500076', 14, '2026-06-05'),
(530, 15000000, 0, 0, 15000000, 1, '2026-06-15 03:47:51', '2026-06-15 03:47:51', '202243500107', 15, '2026-06-05'),
(531, 10000000, 0, 0, 10000000, 1, '2026-06-15 03:47:51', '2026-06-15 03:47:51', '202243500098', 16, '2026-06-05'),
(532, 8000000, 0, 0, 8000000, 1, '2026-06-15 03:47:51', '2026-06-15 03:47:51', '202243500070', 17, '2026-06-05'),
(533, 8000000, 0, 0, 8000000, 1, '2026-06-15 03:47:51', '2026-06-15 03:47:51', '202243500027', 18, '2026-06-05'),
(534, 15000000, 0, 0, 15000000, 1, '2026-06-15 03:47:51', '2026-06-15 03:47:51', '202243500104', 19, '2026-06-05'),
(535, 10000000, 0, 0, 10000000, 1, '2026-06-15 03:47:51', '2026-06-15 03:47:51', '202243500020', 20, '2026-06-05'),
(536, 8000000, 0, 0, 8000000, 1, '2026-06-15 03:47:51', '2026-06-15 03:47:51', '202243500097', 21, '2026-06-05'),
(537, 8000000, 0, 0, 8000000, 1, '2026-06-15 03:47:51', '2026-06-15 03:47:51', '202243500009', 22, '2026-06-05'),
(538, 15000000, 0, 0, 15000000, 1, '2026-06-15 03:47:51', '2026-06-15 03:47:51', '202243500035', 23, '2026-06-05'),
(539, 10000000, 0, 0, 10000000, 1, '2026-06-15 03:47:51', '2026-06-15 03:47:51', '202243500109', 24, '2026-06-05'),
(540, 8000000, 0, 0, 8000000, 1, '2026-06-15 03:47:51', '2026-06-15 03:47:51', '202243500117', 25, '2026-06-05'),
(541, 8000000, 0, 0, 8000000, 1, '2026-06-15 03:47:51', '2026-06-15 03:47:51', '202243500013', 26, '2026-06-05'),
(542, 15000000, 0, 0, 15000000, 1, '2026-06-15 03:47:51', '2026-06-15 03:47:51', '202243500066', 27, '2026-06-05'),
(543, 10000000, 0, 0, 10000000, 1, '2026-06-15 03:47:51', '2026-06-15 03:47:51', '202243500004', 28, '2026-06-05'),
(544, 8000000, 0, 0, 8000000, 1, '2026-06-15 03:47:51', '2026-06-15 03:47:51', '202243500011', 29, '2026-06-05'),
(545, 8000000, 0, 0, 8000000, 1, '2026-06-15 03:47:51', '2026-06-15 03:47:51', '202243500046', 30, '2026-06-05'),
(546, 5000000, 0, 0, 5000000, 1, '2026-06-15 03:47:51', '2026-06-15 03:47:51', '202243500681', 101, '2026-06-05'),
(547, 15000000, 0, 0, 15000000, 1, '2026-06-15 03:54:14', '2026-06-15 03:54:14', '202243500050', 1, '2026-09-05'),
(548, 10000000, 0, 0, 10000000, 1, '2026-06-15 03:54:14', '2026-06-15 03:54:14', '202243500103', 2, '2026-09-05'),
(549, 8000000, 0, 0, 8000000, 1, '2026-06-15 03:54:14', '2026-06-15 03:54:14', '202243500057', 3, '2026-09-05'),
(550, 8000000, 0, 0, 8000000, 1, '2026-06-15 03:54:14', '2026-06-15 03:54:14', '202243500073', 4, '2026-09-05'),
(551, 15000000, 0, 0, 15000000, 1, '2026-06-15 03:54:14', '2026-06-15 03:54:14', '202243500005', 5, '2026-09-05'),
(552, 10000000, 0, 0, 10000000, 1, '2026-06-15 03:54:14', '2026-06-15 03:54:14', '202243500071', 6, '2026-09-05'),
(553, 8000000, 0, 0, 8000000, 1, '2026-06-15 03:54:14', '2026-06-15 03:54:14', '202243500001', 7, '2026-09-05'),
(554, 50000000, 0, 0, 50000000, 1, '2026-06-15 03:54:14', '2026-06-15 03:54:14', '202243500099', 8, '2026-09-05'),
(555, 50000000, 0, 0, 50000000, 1, '2026-06-15 03:54:14', '2026-06-15 03:54:14', '202243500028', 9, '2026-09-05'),
(556, 20000000, 0, 0, 20000000, 1, '2026-06-15 03:54:14', '2026-06-15 03:54:14', '202243500118', 10, '2026-09-05'),
(557, 15000000, 0, 0, 15000000, 1, '2026-06-15 03:54:14', '2026-06-15 03:54:14', '202243500096', 11, '2026-09-05'),
(558, 10000000, 0, 0, 10000000, 1, '2026-06-15 03:54:14', '2026-06-15 03:54:14', '202243500023', 12, '2026-09-05'),
(559, 8000000, 0, 0, 8000000, 1, '2026-06-15 03:54:14', '2026-06-15 03:54:14', '202243500017', 13, '2026-09-05'),
(560, 8000000, 0, 0, 8000000, 1, '2026-06-15 03:54:14', '2026-06-15 03:54:14', '202243500076', 14, '2026-09-05'),
(561, 15000000, 0, 0, 15000000, 1, '2026-06-15 03:54:14', '2026-06-15 03:54:14', '202243500107', 15, '2026-09-05'),
(562, 10000000, 0, 0, 10000000, 1, '2026-06-15 03:54:14', '2026-06-15 03:54:14', '202243500098', 16, '2026-09-05'),
(563, 8000000, 0, 0, 8000000, 1, '2026-06-15 03:54:14', '2026-06-15 03:54:14', '202243500070', 17, '2026-09-05'),
(564, 8000000, 0, 0, 8000000, 1, '2026-06-15 03:54:14', '2026-06-15 03:54:14', '202243500027', 18, '2026-09-05'),
(565, 15000000, 0, 0, 15000000, 1, '2026-06-15 03:54:14', '2026-06-15 03:54:14', '202243500104', 19, '2026-09-05'),
(566, 10000000, 0, 0, 10000000, 1, '2026-06-15 03:54:14', '2026-06-15 03:54:14', '202243500020', 20, '2026-09-05'),
(567, 8000000, 0, 0, 8000000, 1, '2026-06-15 03:54:14', '2026-06-15 03:54:14', '202243500097', 21, '2026-09-05'),
(568, 8000000, 0, 0, 8000000, 1, '2026-06-15 03:54:14', '2026-06-15 03:54:14', '202243500009', 22, '2026-09-05'),
(569, 15000000, 0, 0, 15000000, 1, '2026-06-15 03:54:14', '2026-06-15 03:54:14', '202243500035', 23, '2026-09-05'),
(570, 10000000, 0, 0, 10000000, 1, '2026-06-15 03:54:14', '2026-06-15 03:54:14', '202243500109', 24, '2026-09-05'),
(571, 8000000, 0, 0, 8000000, 1, '2026-06-15 03:54:14', '2026-06-15 03:54:14', '202243500117', 25, '2026-09-05'),
(572, 8000000, 0, 0, 8000000, 1, '2026-06-15 03:54:14', '2026-06-15 03:54:14', '202243500013', 26, '2026-09-05'),
(573, 15000000, 0, 0, 15000000, 1, '2026-06-15 03:54:14', '2026-06-15 03:54:14', '202243500066', 27, '2026-09-05'),
(574, 10000000, 0, 0, 10000000, 1, '2026-06-15 03:54:14', '2026-06-15 03:54:14', '202243500004', 28, '2026-09-05'),
(575, 8000000, 0, 0, 8000000, 1, '2026-06-15 03:54:14', '2026-06-15 03:54:14', '202243500011', 29, '2026-09-05'),
(576, 8000000, 0, 0, 8000000, 1, '2026-06-15 03:54:14', '2026-06-15 03:54:14', '202243500046', 30, '2026-09-05'),
(577, 5000000, 0, 0, 5000000, 1, '2026-06-15 03:54:14', '2026-06-15 03:54:14', '202243500681', 101, '2026-09-05'),
(578, 15000000, 0, 0, 15000000, 0, '2026-06-15 03:54:35', '2026-06-15 03:54:35', '202243500050', 1, '2026-10-05'),
(579, 10000000, 0, 0, 10000000, 0, '2026-06-15 03:54:35', '2026-06-15 03:54:35', '202243500103', 2, '2026-10-05'),
(580, 8000000, 0, 0, 8000000, 0, '2026-06-15 03:54:35', '2026-06-15 03:54:35', '202243500057', 3, '2026-10-05'),
(581, 8000000, 0, 0, 8000000, 0, '2026-06-15 03:54:35', '2026-06-15 03:54:35', '202243500073', 4, '2026-10-05'),
(582, 15000000, 0, 0, 15000000, 0, '2026-06-15 03:54:35', '2026-06-15 03:54:35', '202243500005', 5, '2026-10-05'),
(583, 10000000, 0, 0, 10000000, 0, '2026-06-15 03:54:35', '2026-06-15 03:54:35', '202243500071', 6, '2026-10-05'),
(584, 8000000, 0, 0, 8000000, 0, '2026-06-15 03:54:35', '2026-06-15 03:54:35', '202243500001', 7, '2026-10-05'),
(585, 50000000, 0, 0, 50000000, 0, '2026-06-15 03:54:35', '2026-06-15 03:54:35', '202243500099', 8, '2026-10-05'),
(586, 50000000, 0, 0, 50000000, 0, '2026-06-15 03:54:35', '2026-06-15 03:54:35', '202243500028', 9, '2026-10-05'),
(587, 20000000, 0, 0, 20000000, 0, '2026-06-15 03:54:35', '2026-06-15 03:54:35', '202243500118', 10, '2026-10-05'),
(588, 15000000, 0, 0, 15000000, 0, '2026-06-15 03:54:35', '2026-06-15 03:54:35', '202243500096', 11, '2026-10-05'),
(589, 10000000, 0, 0, 10000000, 0, '2026-06-15 03:54:35', '2026-06-15 03:54:35', '202243500023', 12, '2026-10-05'),
(590, 8000000, 0, 0, 8000000, 0, '2026-06-15 03:54:35', '2026-06-15 03:54:35', '202243500017', 13, '2026-10-05'),
(591, 8000000, 0, 0, 8000000, 0, '2026-06-15 03:54:35', '2026-06-15 03:54:35', '202243500076', 14, '2026-10-05'),
(592, 15000000, 0, 0, 15000000, 0, '2026-06-15 03:54:35', '2026-06-15 03:54:35', '202243500107', 15, '2026-10-05'),
(593, 10000000, 0, 0, 10000000, 0, '2026-06-15 03:54:35', '2026-06-15 03:54:35', '202243500098', 16, '2026-10-05'),
(594, 8000000, 0, 0, 8000000, 0, '2026-06-15 03:54:35', '2026-06-15 03:54:35', '202243500070', 17, '2026-10-05'),
(595, 8000000, 0, 0, 8000000, 0, '2026-06-15 03:54:35', '2026-06-15 03:54:35', '202243500027', 18, '2026-10-05'),
(596, 15000000, 0, 0, 15000000, 0, '2026-06-15 03:54:35', '2026-06-15 03:54:35', '202243500104', 19, '2026-10-05'),
(597, 10000000, 0, 0, 10000000, 0, '2026-06-15 03:54:35', '2026-06-15 03:54:35', '202243500020', 20, '2026-10-05'),
(598, 8000000, 0, 0, 8000000, 0, '2026-06-15 03:54:35', '2026-06-15 03:54:35', '202243500097', 21, '2026-10-05'),
(599, 8000000, 0, 0, 8000000, 0, '2026-06-15 03:54:35', '2026-06-15 03:54:35', '202243500009', 22, '2026-10-05'),
(600, 15000000, 0, 0, 15000000, 0, '2026-06-15 03:54:35', '2026-06-15 03:54:35', '202243500035', 23, '2026-10-05'),
(601, 10000000, 0, 0, 10000000, 0, '2026-06-15 03:54:35', '2026-06-15 03:54:35', '202243500109', 24, '2026-10-05'),
(602, 8000000, 0, 0, 8000000, 0, '2026-06-15 03:54:35', '2026-06-15 03:54:35', '202243500117', 25, '2026-10-05'),
(603, 8000000, 0, 0, 8000000, 0, '2026-06-15 03:54:35', '2026-06-15 03:54:35', '202243500013', 26, '2026-10-05'),
(604, 15000000, 0, 0, 15000000, 0, '2026-06-15 03:54:35', '2026-06-15 03:54:35', '202243500066', 27, '2026-10-05'),
(605, 10000000, 0, 0, 10000000, 0, '2026-06-15 03:54:35', '2026-06-15 03:54:35', '202243500004', 28, '2026-10-05'),
(606, 8000000, 0, 0, 8000000, 0, '2026-06-15 03:54:35', '2026-06-15 03:54:35', '202243500011', 29, '2026-10-05'),
(607, 8000000, 0, 0, 8000000, 0, '2026-06-15 03:54:35', '2026-06-15 03:54:35', '202243500046', 30, '2026-10-05'),
(608, 5000000, 0, 0, 5000000, 0, '2026-06-15 03:54:35', '2026-06-15 03:54:35', '202243500681', 101, '2026-10-05'),
(609, 15000000, 0, 0, 15000000, 0, '2026-06-15 04:02:39', '2026-06-15 04:02:39', '202243500050', 1, '2026-09-05'),
(610, 10000000, 0, 0, 10000000, 0, '2026-06-15 04:02:39', '2026-06-15 04:02:39', '202243500103', 2, '2026-09-05'),
(611, 8000000, 0, 0, 8000000, 0, '2026-06-15 04:02:39', '2026-06-15 04:02:39', '202243500057', 3, '2026-09-05'),
(612, 8000000, 0, 0, 8000000, 0, '2026-06-15 04:02:39', '2026-06-15 04:02:39', '202243500073', 4, '2026-09-05'),
(613, 15000000, 0, 0, 15000000, 0, '2026-06-15 04:02:39', '2026-06-15 04:02:39', '202243500005', 5, '2026-09-05'),
(614, 10000000, 0, 0, 10000000, 0, '2026-06-15 04:02:39', '2026-06-15 04:02:39', '202243500071', 6, '2026-09-05'),
(615, 8000000, 0, 0, 8000000, 0, '2026-06-15 04:02:39', '2026-06-15 04:02:39', '202243500001', 7, '2026-09-05'),
(616, 50000000, 0, 0, 50000000, 0, '2026-06-15 04:02:39', '2026-06-15 04:02:39', '202243500099', 8, '2026-09-05'),
(617, 50000000, 0, 0, 50000000, 0, '2026-06-15 04:02:39', '2026-06-15 04:02:39', '202243500028', 9, '2026-09-05'),
(618, 20000000, 0, 0, 20000000, 0, '2026-06-15 04:02:39', '2026-06-15 04:02:39', '202243500118', 10, '2026-09-05'),
(619, 15000000, 0, 0, 15000000, 0, '2026-06-15 04:02:39', '2026-06-15 04:02:39', '202243500096', 11, '2026-09-05'),
(620, 10000000, 0, 0, 10000000, 0, '2026-06-15 04:02:39', '2026-06-15 04:02:39', '202243500023', 12, '2026-09-05'),
(621, 8000000, 0, 0, 8000000, 0, '2026-06-15 04:02:39', '2026-06-15 04:02:39', '202243500017', 13, '2026-09-05'),
(622, 8000000, 0, 0, 8000000, 0, '2026-06-15 04:02:39', '2026-06-15 04:02:39', '202243500076', 14, '2026-09-05'),
(623, 15000000, 0, 0, 15000000, 0, '2026-06-15 04:02:39', '2026-06-15 04:02:39', '202243500107', 15, '2026-09-05'),
(624, 10000000, 0, 0, 10000000, 0, '2026-06-15 04:02:39', '2026-06-15 04:02:39', '202243500098', 16, '2026-09-05'),
(625, 8000000, 0, 0, 8000000, 0, '2026-06-15 04:02:39', '2026-06-15 04:02:39', '202243500070', 17, '2026-09-05'),
(626, 8000000, 0, 0, 8000000, 0, '2026-06-15 04:02:39', '2026-06-15 04:02:39', '202243500027', 18, '2026-09-05'),
(627, 15000000, 0, 0, 15000000, 0, '2026-06-15 04:02:39', '2026-06-15 04:02:39', '202243500104', 19, '2026-09-05'),
(628, 10000000, 0, 0, 10000000, 0, '2026-06-15 04:02:39', '2026-06-15 04:02:39', '202243500020', 20, '2026-09-05'),
(629, 8000000, 0, 0, 8000000, 0, '2026-06-15 04:02:39', '2026-06-15 04:02:39', '202243500097', 21, '2026-09-05'),
(630, 8000000, 0, 0, 8000000, 0, '2026-06-15 04:02:39', '2026-06-15 04:02:39', '202243500009', 22, '2026-09-05'),
(631, 15000000, 0, 0, 15000000, 0, '2026-06-15 04:02:39', '2026-06-15 04:02:39', '202243500035', 23, '2026-09-05'),
(632, 10000000, 0, 0, 10000000, 0, '2026-06-15 04:02:39', '2026-06-15 04:02:39', '202243500109', 24, '2026-09-05'),
(633, 8000000, 0, 0, 8000000, 0, '2026-06-15 04:02:39', '2026-06-15 04:02:39', '202243500117', 25, '2026-09-05'),
(634, 8000000, 0, 0, 8000000, 0, '2026-06-15 04:02:39', '2026-06-15 04:02:39', '202243500013', 26, '2026-09-05'),
(635, 15000000, 0, 0, 15000000, 0, '2026-06-15 04:02:39', '2026-06-15 04:02:39', '202243500066', 27, '2026-09-05'),
(636, 10000000, 0, 0, 10000000, 0, '2026-06-15 04:02:39', '2026-06-15 04:02:39', '202243500004', 28, '2026-09-05'),
(637, 8000000, 0, 0, 8000000, 0, '2026-06-15 04:02:39', '2026-06-15 04:02:39', '202243500011', 29, '2026-09-05'),
(638, 8000000, 0, 0, 8000000, 0, '2026-06-15 04:02:39', '2026-06-15 04:02:39', '202243500046', 30, '2026-09-05'),
(639, 5000000, 0, 0, 5000000, 0, '2026-06-15 04:02:39', '2026-06-15 04:02:39', '202243500681', 101, '2026-09-05'),
(640, 15000000, 0, 0, 15000000, 1, '2026-06-15 04:03:53', '2026-06-15 04:03:53', '202243500050', 1, '2026-06-05'),
(641, 10000000, 0, 0, 10000000, 1, '2026-06-15 04:03:53', '2026-06-15 04:03:53', '202243500103', 2, '2026-06-05'),
(642, 8000000, 0, 0, 8000000, 1, '2026-06-15 04:03:53', '2026-06-15 04:03:53', '202243500057', 3, '2026-06-05'),
(643, 8000000, 0, 0, 8000000, 1, '2026-06-15 04:03:53', '2026-06-15 04:03:53', '202243500073', 4, '2026-06-05'),
(644, 15000000, 0, 0, 15000000, 1, '2026-06-15 04:03:53', '2026-06-15 04:03:53', '202243500005', 5, '2026-06-05'),
(645, 10000000, 0, 0, 10000000, 1, '2026-06-15 04:03:53', '2026-06-15 04:03:53', '202243500071', 6, '2026-06-05'),
(646, 8000000, 0, 0, 8000000, 1, '2026-06-15 04:03:53', '2026-06-15 04:03:53', '202243500001', 7, '2026-06-05'),
(647, 50000000, 0, 0, 50000000, 1, '2026-06-15 04:03:53', '2026-06-15 04:03:53', '202243500099', 8, '2026-06-05'),
(648, 50000000, 0, 0, 50000000, 1, '2026-06-15 04:03:53', '2026-06-15 04:03:53', '202243500028', 9, '2026-06-05'),
(649, 20000000, 0, 0, 20000000, 1, '2026-06-15 04:03:53', '2026-06-15 04:03:53', '202243500118', 10, '2026-06-05'),
(650, 15000000, 0, 0, 15000000, 1, '2026-06-15 04:03:53', '2026-06-15 04:03:53', '202243500096', 11, '2026-06-05'),
(651, 10000000, 0, 0, 10000000, 1, '2026-06-15 04:03:53', '2026-06-15 04:03:53', '202243500023', 12, '2026-06-05'),
(652, 8000000, 0, 0, 8000000, 1, '2026-06-15 04:03:53', '2026-06-15 04:03:53', '202243500017', 13, '2026-06-05'),
(653, 8000000, 0, 0, 8000000, 1, '2026-06-15 04:03:53', '2026-06-15 04:03:53', '202243500076', 14, '2026-06-05'),
(654, 15000000, 0, 0, 15000000, 1, '2026-06-15 04:03:53', '2026-06-15 04:03:53', '202243500107', 15, '2026-06-05'),
(655, 10000000, 0, 0, 10000000, 1, '2026-06-15 04:03:53', '2026-06-15 04:03:53', '202243500098', 16, '2026-06-05'),
(656, 8000000, 0, 0, 8000000, 1, '2026-06-15 04:03:53', '2026-06-15 04:03:53', '202243500070', 17, '2026-06-05'),
(657, 8000000, 0, 0, 8000000, 1, '2026-06-15 04:03:53', '2026-06-15 04:03:53', '202243500027', 18, '2026-06-05'),
(658, 15000000, 0, 0, 15000000, 1, '2026-06-15 04:03:53', '2026-06-15 04:03:53', '202243500104', 19, '2026-06-05'),
(659, 10000000, 0, 0, 10000000, 1, '2026-06-15 04:03:53', '2026-06-15 04:03:53', '202243500020', 20, '2026-06-05'),
(660, 8000000, 0, 0, 8000000, 1, '2026-06-15 04:03:53', '2026-06-15 04:03:53', '202243500097', 21, '2026-06-05'),
(661, 8000000, 0, 0, 8000000, 1, '2026-06-15 04:03:53', '2026-06-15 04:03:53', '202243500009', 22, '2026-06-05'),
(662, 15000000, 0, 0, 15000000, 1, '2026-06-15 04:03:53', '2026-06-15 04:03:53', '202243500035', 23, '2026-06-05'),
(663, 10000000, 0, 0, 10000000, 1, '2026-06-15 04:03:53', '2026-06-15 04:03:53', '202243500109', 24, '2026-06-05'),
(664, 8000000, 0, 0, 8000000, 1, '2026-06-15 04:03:53', '2026-06-15 04:03:53', '202243500117', 25, '2026-06-05'),
(665, 8000000, 0, 0, 8000000, 1, '2026-06-15 04:03:53', '2026-06-15 04:03:53', '202243500013', 26, '2026-06-05'),
(666, 15000000, 0, 0, 15000000, 1, '2026-06-15 04:03:53', '2026-06-15 04:03:53', '202243500066', 27, '2026-06-05'),
(667, 10000000, 0, 0, 10000000, 1, '2026-06-15 04:03:53', '2026-06-15 04:03:53', '202243500004', 28, '2026-06-05'),
(668, 8000000, 0, 0, 8000000, 1, '2026-06-15 04:03:53', '2026-06-15 04:03:53', '202243500011', 29, '2026-06-05'),
(669, 8000000, 0, 0, 8000000, 1, '2026-06-15 04:03:53', '2026-06-15 04:03:53', '202243500046', 30, '2026-06-05'),
(670, 5000000, 0, 0, 5000000, 1, '2026-06-15 04:03:53', '2026-06-15 04:03:53', '202243500681', 101, '2026-06-05'),
(671, 15000000, 0, 0, 15000000, 1, '2026-06-15 04:04:34', '2026-06-15 04:04:34', '202243500050', 1, '2026-06-15'),
(672, 10000000, 0, 0, 10000000, 1, '2026-06-15 04:04:34', '2026-06-15 04:04:34', '202243500103', 2, '2026-06-15'),
(673, 8000000, 0, 0, 8000000, 1, '2026-06-15 04:04:34', '2026-06-15 04:04:34', '202243500057', 3, '2026-06-15'),
(674, 8000000, 0, 0, 8000000, 1, '2026-06-15 04:04:34', '2026-06-15 04:04:34', '202243500073', 4, '2026-06-15'),
(675, 15000000, 0, 0, 15000000, 1, '2026-06-15 04:04:34', '2026-06-15 04:04:34', '202243500005', 5, '2026-06-15'),
(676, 10000000, 0, 0, 10000000, 1, '2026-06-15 04:04:34', '2026-06-15 04:04:34', '202243500071', 6, '2026-06-15'),
(677, 8000000, 0, 0, 8000000, 1, '2026-06-15 04:04:34', '2026-06-15 04:04:34', '202243500001', 7, '2026-06-15'),
(678, 50000000, 0, 0, 50000000, 1, '2026-06-15 04:04:34', '2026-06-15 04:04:34', '202243500099', 8, '2026-06-15'),
(679, 50000000, 0, 0, 50000000, 1, '2026-06-15 04:04:34', '2026-06-15 04:04:34', '202243500028', 9, '2026-06-15'),
(680, 20000000, 0, 0, 20000000, 1, '2026-06-15 04:04:34', '2026-06-15 04:04:34', '202243500118', 10, '2026-06-15'),
(681, 15000000, 0, 0, 15000000, 1, '2026-06-15 04:04:34', '2026-06-15 04:04:34', '202243500096', 11, '2026-06-15'),
(682, 10000000, 0, 0, 10000000, 1, '2026-06-15 04:04:34', '2026-06-15 04:04:34', '202243500023', 12, '2026-06-15'),
(683, 8000000, 0, 0, 8000000, 1, '2026-06-15 04:04:34', '2026-06-15 04:04:34', '202243500017', 13, '2026-06-15'),
(684, 8000000, 0, 0, 8000000, 1, '2026-06-15 04:04:34', '2026-06-15 04:04:34', '202243500076', 14, '2026-06-15'),
(685, 15000000, 0, 0, 15000000, 1, '2026-06-15 04:04:34', '2026-06-15 04:04:34', '202243500107', 15, '2026-06-15'),
(686, 10000000, 0, 0, 10000000, 1, '2026-06-15 04:04:34', '2026-06-15 04:04:34', '202243500098', 16, '2026-06-15'),
(687, 8000000, 0, 0, 8000000, 1, '2026-06-15 04:04:34', '2026-06-15 04:04:34', '202243500070', 17, '2026-06-15'),
(688, 8000000, 0, 0, 8000000, 1, '2026-06-15 04:04:34', '2026-06-15 04:04:34', '202243500027', 18, '2026-06-15'),
(689, 15000000, 0, 0, 15000000, 1, '2026-06-15 04:04:34', '2026-06-15 04:04:34', '202243500104', 19, '2026-06-15'),
(690, 10000000, 0, 0, 10000000, 1, '2026-06-15 04:04:34', '2026-06-15 04:04:34', '202243500020', 20, '2026-06-15'),
(691, 8000000, 0, 0, 8000000, 1, '2026-06-15 04:04:34', '2026-06-15 04:04:34', '202243500097', 21, '2026-06-15'),
(692, 8000000, 0, 0, 8000000, 1, '2026-06-15 04:04:34', '2026-06-15 04:04:34', '202243500009', 22, '2026-06-15'),
(693, 15000000, 0, 0, 15000000, 1, '2026-06-15 04:04:34', '2026-06-15 04:04:34', '202243500035', 23, '2026-06-15'),
(694, 10000000, 0, 0, 10000000, 1, '2026-06-15 04:04:34', '2026-06-15 04:04:34', '202243500109', 24, '2026-06-15'),
(695, 8000000, 0, 0, 8000000, 1, '2026-06-15 04:04:34', '2026-06-15 04:04:34', '202243500117', 25, '2026-06-15'),
(696, 8000000, 0, 0, 8000000, 1, '2026-06-15 04:04:34', '2026-06-15 04:04:34', '202243500013', 26, '2026-06-15'),
(697, 15000000, 0, 0, 15000000, 1, '2026-06-15 04:04:34', '2026-06-15 04:04:34', '202243500066', 27, '2026-06-15'),
(698, 10000000, 0, 0, 10000000, 1, '2026-06-15 04:04:34', '2026-06-15 04:04:34', '202243500004', 28, '2026-06-15'),
(699, 8000000, 0, 0, 8000000, 1, '2026-06-15 04:04:34', '2026-06-15 04:04:34', '202243500011', 29, '2026-06-15'),
(700, 8000000, 0, 0, 8000000, 1, '2026-06-15 04:04:34', '2026-06-15 04:04:34', '202243500046', 30, '2026-06-15'),
(701, 5000000, 0, 0, 5000000, 1, '2026-06-15 04:04:34', '2026-06-15 04:04:34', '202243500681', 101, '2026-06-15'),
(702, 15000000, 0, 0, 15000000, 1, '2026-06-15 04:04:55', '2026-06-15 04:04:55', '202243500050', 1, '2026-06-17'),
(703, 10000000, 0, 0, 10000000, 1, '2026-06-15 04:04:55', '2026-06-15 04:04:55', '202243500103', 2, '2026-06-17'),
(704, 8000000, 0, 0, 8000000, 1, '2026-06-15 04:04:55', '2026-06-15 04:04:55', '202243500057', 3, '2026-06-17'),
(705, 8000000, 0, 0, 8000000, 1, '2026-06-15 04:04:55', '2026-06-15 04:04:55', '202243500073', 4, '2026-06-17'),
(706, 15000000, 0, 0, 15000000, 1, '2026-06-15 04:04:55', '2026-06-15 04:04:55', '202243500005', 5, '2026-06-17'),
(707, 10000000, 0, 0, 10000000, 1, '2026-06-15 04:04:55', '2026-06-15 04:04:55', '202243500071', 6, '2026-06-17'),
(708, 8000000, 0, 0, 8000000, 1, '2026-06-15 04:04:55', '2026-06-15 04:04:55', '202243500001', 7, '2026-06-17'),
(709, 50000000, 0, 0, 50000000, 1, '2026-06-15 04:04:55', '2026-06-15 04:04:55', '202243500099', 8, '2026-06-17'),
(710, 50000000, 0, 0, 50000000, 1, '2026-06-15 04:04:55', '2026-06-15 04:04:55', '202243500028', 9, '2026-06-17'),
(711, 20000000, 0, 0, 20000000, 1, '2026-06-15 04:04:55', '2026-06-15 04:04:55', '202243500118', 10, '2026-06-17'),
(712, 15000000, 0, 0, 15000000, 1, '2026-06-15 04:04:55', '2026-06-15 04:04:55', '202243500096', 11, '2026-06-17'),
(713, 10000000, 0, 0, 10000000, 1, '2026-06-15 04:04:55', '2026-06-15 04:04:55', '202243500023', 12, '2026-06-17'),
(714, 8000000, 0, 0, 8000000, 1, '2026-06-15 04:04:55', '2026-06-15 04:04:55', '202243500017', 13, '2026-06-17'),
(715, 8000000, 0, 0, 8000000, 1, '2026-06-15 04:04:55', '2026-06-15 04:04:55', '202243500076', 14, '2026-06-17'),
(716, 15000000, 0, 0, 15000000, 1, '2026-06-15 04:04:55', '2026-06-15 04:04:55', '202243500107', 15, '2026-06-17'),
(717, 10000000, 0, 0, 10000000, 1, '2026-06-15 04:04:55', '2026-06-15 04:04:55', '202243500098', 16, '2026-06-17'),
(718, 8000000, 0, 0, 8000000, 1, '2026-06-15 04:04:55', '2026-06-15 04:04:55', '202243500070', 17, '2026-06-17'),
(719, 8000000, 0, 0, 8000000, 1, '2026-06-15 04:04:55', '2026-06-15 04:04:55', '202243500027', 18, '2026-06-17'),
(720, 15000000, 0, 0, 15000000, 1, '2026-06-15 04:04:55', '2026-06-15 04:04:55', '202243500104', 19, '2026-06-17'),
(721, 10000000, 0, 0, 10000000, 1, '2026-06-15 04:04:55', '2026-06-15 04:04:55', '202243500020', 20, '2026-06-17'),
(722, 8000000, 0, 0, 8000000, 1, '2026-06-15 04:04:55', '2026-06-15 04:04:55', '202243500097', 21, '2026-06-17'),
(723, 8000000, 0, 0, 8000000, 1, '2026-06-15 04:04:55', '2026-06-15 04:04:55', '202243500009', 22, '2026-06-17'),
(724, 15000000, 0, 0, 15000000, 1, '2026-06-15 04:04:55', '2026-06-15 04:04:55', '202243500035', 23, '2026-06-17'),
(725, 10000000, 0, 0, 10000000, 1, '2026-06-15 04:04:55', '2026-06-15 04:04:55', '202243500109', 24, '2026-06-17'),
(726, 8000000, 0, 0, 8000000, 1, '2026-06-15 04:04:55', '2026-06-15 04:04:55', '202243500117', 25, '2026-06-17'),
(727, 8000000, 0, 0, 8000000, 1, '2026-06-15 04:04:55', '2026-06-15 04:04:55', '202243500013', 26, '2026-06-17'),
(728, 15000000, 0, 0, 15000000, 1, '2026-06-15 04:04:55', '2026-06-15 04:04:55', '202243500066', 27, '2026-06-17'),
(729, 10000000, 0, 0, 10000000, 1, '2026-06-15 04:04:55', '2026-06-15 04:04:55', '202243500004', 28, '2026-06-17'),
(730, 8000000, 0, 0, 8000000, 1, '2026-06-15 04:04:55', '2026-06-15 04:04:55', '202243500011', 29, '2026-06-17'),
(731, 8000000, 0, 0, 8000000, 1, '2026-06-15 04:04:55', '2026-06-15 04:04:55', '202243500046', 30, '2026-06-17'),
(732, 5000000, 0, 0, 5000000, 1, '2026-06-15 04:04:55', '2026-06-15 04:04:55', '202243500681', 101, '2026-06-17'),
(733, 15000000, 0, 0, 15000000, 1, '2026-06-15 04:07:05', '2026-06-15 04:07:05', '202243500050', 1, '2026-06-05'),
(734, 10000000, 0, 0, 10000000, 1, '2026-06-15 04:07:05', '2026-06-15 04:07:05', '202243500103', 2, '2026-06-05'),
(735, 8000000, 0, 0, 8000000, 1, '2026-06-15 04:07:05', '2026-06-15 04:07:05', '202243500057', 3, '2026-06-05'),
(736, 8000000, 0, 0, 8000000, 1, '2026-06-15 04:07:05', '2026-06-15 04:07:05', '202243500073', 4, '2026-06-05'),
(737, 15000000, 0, 0, 15000000, 1, '2026-06-15 04:07:05', '2026-06-15 04:07:05', '202243500005', 5, '2026-06-05'),
(738, 10000000, 0, 0, 10000000, 1, '2026-06-15 04:07:05', '2026-06-15 04:07:05', '202243500071', 6, '2026-06-05'),
(739, 8000000, 0, 0, 8000000, 1, '2026-06-15 04:07:05', '2026-06-15 04:07:05', '202243500001', 7, '2026-06-05'),
(740, 50000000, 0, 0, 50000000, 1, '2026-06-15 04:07:05', '2026-06-15 04:07:05', '202243500099', 8, '2026-06-05'),
(741, 50000000, 0, 0, 50000000, 1, '2026-06-15 04:07:05', '2026-06-15 04:07:05', '202243500028', 9, '2026-06-05'),
(742, 20000000, 0, 0, 20000000, 1, '2026-06-15 04:07:05', '2026-06-15 04:07:05', '202243500118', 10, '2026-06-05'),
(743, 15000000, 0, 0, 15000000, 1, '2026-06-15 04:07:05', '2026-06-15 04:07:05', '202243500096', 11, '2026-06-05'),
(744, 10000000, 0, 0, 10000000, 1, '2026-06-15 04:07:05', '2026-06-15 04:07:05', '202243500023', 12, '2026-06-05'),
(745, 8000000, 0, 0, 8000000, 1, '2026-06-15 04:07:05', '2026-06-15 04:07:05', '202243500017', 13, '2026-06-05'),
(746, 8000000, 0, 0, 8000000, 1, '2026-06-15 04:07:05', '2026-06-15 04:07:05', '202243500076', 14, '2026-06-05'),
(747, 15000000, 0, 0, 15000000, 1, '2026-06-15 04:07:05', '2026-06-15 04:07:05', '202243500107', 15, '2026-06-05'),
(748, 10000000, 0, 0, 10000000, 1, '2026-06-15 04:07:05', '2026-06-15 04:07:05', '202243500098', 16, '2026-06-05'),
(749, 8000000, 0, 0, 8000000, 1, '2026-06-15 04:07:05', '2026-06-15 04:07:05', '202243500070', 17, '2026-06-05'),
(750, 8000000, 0, 0, 8000000, 1, '2026-06-15 04:07:05', '2026-06-15 04:07:05', '202243500027', 18, '2026-06-05'),
(751, 15000000, 0, 0, 15000000, 1, '2026-06-15 04:07:05', '2026-06-15 04:07:05', '202243500104', 19, '2026-06-05'),
(752, 10000000, 0, 0, 10000000, 1, '2026-06-15 04:07:05', '2026-06-15 04:07:05', '202243500020', 20, '2026-06-05'),
(753, 8000000, 0, 0, 8000000, 1, '2026-06-15 04:07:05', '2026-06-15 04:07:05', '202243500097', 21, '2026-06-05'),
(754, 8000000, 0, 0, 8000000, 1, '2026-06-15 04:07:05', '2026-06-15 04:07:05', '202243500009', 22, '2026-06-05'),
(755, 15000000, 0, 0, 15000000, 1, '2026-06-15 04:07:05', '2026-06-15 04:07:05', '202243500035', 23, '2026-06-05'),
(756, 10000000, 0, 0, 10000000, 1, '2026-06-15 04:07:05', '2026-06-15 04:07:05', '202243500109', 24, '2026-06-05'),
(757, 8000000, 0, 0, 8000000, 1, '2026-06-15 04:07:05', '2026-06-15 04:07:05', '202243500117', 25, '2026-06-05'),
(758, 8000000, 0, 0, 8000000, 1, '2026-06-15 04:07:05', '2026-06-15 04:07:05', '202243500013', 26, '2026-06-05'),
(759, 15000000, 0, 0, 15000000, 1, '2026-06-15 04:07:05', '2026-06-15 04:07:05', '202243500066', 27, '2026-06-05'),
(760, 10000000, 0, 0, 10000000, 1, '2026-06-15 04:07:05', '2026-06-15 04:07:05', '202243500004', 28, '2026-06-05'),
(761, 8000000, 0, 0, 8000000, 1, '2026-06-15 04:07:05', '2026-06-15 04:07:05', '202243500011', 29, '2026-06-05'),
(762, 8000000, 0, 0, 8000000, 1, '2026-06-15 04:07:05', '2026-06-15 04:07:05', '202243500046', 30, '2026-06-05'),
(763, 5000000, 0, 0, 5000000, 1, '2026-06-15 04:07:05', '2026-06-15 04:07:05', '202243500681', 101, '2026-06-05'),
(764, 15000000, 0, 0, 15000000, 0, '2026-06-15 04:21:47', '2026-06-15 04:21:47', '202243500050', 1, '2026-06-05'),
(765, 10000000, 0, 0, 10000000, 0, '2026-06-15 04:21:47', '2026-06-15 04:21:47', '202243500103', 2, '2026-06-05'),
(766, 8000000, 0, 0, 8000000, 0, '2026-06-15 04:21:47', '2026-06-15 04:21:47', '202243500057', 3, '2026-06-05'),
(767, 8000000, 0, 0, 8000000, 0, '2026-06-15 04:21:47', '2026-06-15 04:21:47', '202243500073', 4, '2026-06-05'),
(768, 15000000, 0, 0, 15000000, 0, '2026-06-15 04:21:47', '2026-06-15 04:21:47', '202243500005', 5, '2026-06-05'),
(769, 10000000, 0, 0, 10000000, 0, '2026-06-15 04:21:47', '2026-06-15 04:21:47', '202243500071', 6, '2026-06-05'),
(770, 8000000, 0, 0, 8000000, 0, '2026-06-15 04:21:47', '2026-06-15 04:21:47', '202243500001', 7, '2026-06-05'),
(771, 50000000, 0, 0, 50000000, 0, '2026-06-15 04:21:47', '2026-06-15 04:21:47', '202243500099', 8, '2026-06-05'),
(772, 50000000, 0, 0, 50000000, 0, '2026-06-15 04:21:47', '2026-06-15 04:21:47', '202243500028', 9, '2026-06-05'),
(773, 20000000, 0, 0, 20000000, 0, '2026-06-15 04:21:47', '2026-06-15 04:21:47', '202243500118', 10, '2026-06-05'),
(774, 15000000, 0, 0, 15000000, 0, '2026-06-15 04:21:47', '2026-06-15 04:21:47', '202243500096', 11, '2026-06-05'),
(775, 10000000, 0, 0, 10000000, 0, '2026-06-15 04:21:47', '2026-06-15 04:21:47', '202243500023', 12, '2026-06-05'),
(776, 8000000, 0, 0, 8000000, 0, '2026-06-15 04:21:47', '2026-06-15 04:21:47', '202243500017', 13, '2026-06-05'),
(777, 8000000, 0, 0, 8000000, 0, '2026-06-15 04:21:47', '2026-06-15 04:21:47', '202243500076', 14, '2026-06-05'),
(778, 15000000, 0, 0, 15000000, 0, '2026-06-15 04:21:47', '2026-06-15 04:21:47', '202243500107', 15, '2026-06-05'),
(779, 10000000, 0, 0, 10000000, 0, '2026-06-15 04:21:47', '2026-06-15 04:21:47', '202243500098', 16, '2026-06-05'),
(780, 8000000, 0, 0, 8000000, 0, '2026-06-15 04:21:47', '2026-06-15 04:21:47', '202243500070', 17, '2026-06-05'),
(781, 8000000, 0, 0, 8000000, 0, '2026-06-15 04:21:47', '2026-06-15 04:21:47', '202243500027', 18, '2026-06-05'),
(782, 15000000, 0, 0, 15000000, 0, '2026-06-15 04:21:47', '2026-06-15 04:21:47', '202243500104', 19, '2026-06-05'),
(783, 10000000, 0, 0, 10000000, 0, '2026-06-15 04:21:47', '2026-06-15 04:21:47', '202243500020', 20, '2026-06-05'),
(784, 8000000, 0, 0, 8000000, 0, '2026-06-15 04:21:47', '2026-06-15 04:21:47', '202243500097', 21, '2026-06-05'),
(785, 8000000, 0, 0, 8000000, 0, '2026-06-15 04:21:47', '2026-06-15 04:21:47', '202243500009', 22, '2026-06-05'),
(786, 15000000, 0, 0, 15000000, 0, '2026-06-15 04:21:47', '2026-06-15 04:21:47', '202243500035', 23, '2026-06-05'),
(787, 10000000, 0, 0, 10000000, 0, '2026-06-15 04:21:47', '2026-06-15 04:21:47', '202243500109', 24, '2026-06-05'),
(788, 8000000, 0, 0, 8000000, 0, '2026-06-15 04:21:47', '2026-06-15 04:21:47', '202243500117', 25, '2026-06-05'),
(789, 8000000, 0, 0, 8000000, 0, '2026-06-15 04:21:47', '2026-06-15 04:21:47', '202243500013', 26, '2026-06-05'),
(790, 15000000, 0, 0, 15000000, 0, '2026-06-15 04:21:47', '2026-06-15 04:21:47', '202243500066', 27, '2026-06-05'),
(791, 10000000, 0, 0, 10000000, 0, '2026-06-15 04:21:47', '2026-06-15 04:21:47', '202243500004', 28, '2026-06-05'),
(792, 8000000, 0, 0, 8000000, 0, '2026-06-15 04:21:47', '2026-06-15 04:21:47', '202243500011', 29, '2026-06-05'),
(793, 8000000, 0, 0, 8000000, 0, '2026-06-15 04:21:47', '2026-06-15 04:21:47', '202243500046', 30, '2026-06-05'),
(794, 5000000, 1350000, 0, 6350000, 0, '2026-06-15 04:21:47', '2026-06-15 04:21:47', '202243500681', 105, '2026-06-05');

-- --------------------------------------------------------

--
-- Table structure for table `threshold`
--

CREATE TABLE `threshold` (
  `idthreshold` int(11) NOT NULL,
  `iddeptthreshold` int(11) DEFAULT 0,
  `attendancename` varchar(30) DEFAULT NULL,
  `starttimestr` varchar(30) DEFAULT NULL,
  `endtimestr` varchar(30) DEFAULT NULL,
  `thresholdtimestr` varchar(30) DEFAULT NULL,
  `isdeleted` int(11) DEFAULT 0,
  `created_at` timestamp NOT NULL DEFAULT current_timestamp(),
  `updated_at` timestamp NOT NULL DEFAULT current_timestamp()
) ENGINE=InnoDB DEFAULT CHARSET=utf8mb4 COLLATE=utf8mb4_general_ci;

--
-- Dumping data for table `threshold`
--

INSERT INTO `threshold` (`idthreshold`, `iddeptthreshold`, `attendancename`, `starttimestr`, `endtimestr`, `thresholdtimestr`, `isdeleted`, `created_at`, `updated_at`) VALUES
(1, 1, 'IN', '9:00am', '9:30am', '10:00am', 0, '2025-05-24 05:17:36', '0000-00-00 00:00:00'),
(2, 1, 'OUT', '5:00pm', '5:30pm', '6:00pm', 0, '2025-05-24 05:17:56', '0000-00-00 00:00:00'),
(3, 2, 'IN', '9:00am', '9:30am', '10:00am', 0, '2025-05-24 05:18:13', '0000-00-00 00:00:00'),
(4, 2, 'OUT', '5:00pm', '5:30pm', '6:00pm', 0, '2025-05-24 05:18:38', '0000-00-00 00:00:00'),
(5, 3, 'IN', '9:00am', '9:30am', '10:00am', 0, '2025-05-24 05:19:09', '0000-00-00 00:00:00'),
(6, 3, 'OUT', '5:00pm', '5:30pm', '6:00pm', 0, '2025-05-24 05:19:25', '0000-00-00 00:00:00'),
(7, 4, 'IN', '9:00am', '9:30am', '10:00am', 0, '2025-05-24 05:20:07', '0000-00-00 00:00:00'),
(8, 4, 'OUT', '5:00pm', '5:30pm', '6:00pm', 0, '2025-05-24 05:20:28', '0000-00-00 00:00:00'),
(9, 5, 'IN', '9:00am', '9:30am', '10:00am', 1, '2025-05-24 05:20:46', '2026-06-02 08:29:45'),
(10, 5, 'OUT', '5:00pm', '5:30pm', '6:00pm', 1, '2025-05-24 05:21:12', '0000-00-00 00:00:00'),
(11, 6, 'IN', '9:00am', '9:30am', '10:00am', 0, '2025-05-24 05:21:28', '0000-00-00 00:00:00'),
(12, 6, 'OUT', '5:00pm', '5:30pm', '6:00pm', 0, '2025-05-24 05:21:47', '0000-00-00 00:00:00'),
(13, 7, 'IN', '9:00am', '9:30am', '10:00am', 0, '2025-05-24 05:22:07', '0000-00-00 00:00:00'),
(14, 7, 'OUT', '5:00pm', '5:30pm', '6:00pm', 0, '2025-05-24 05:22:23', '0000-00-00 00:00:00'),
(15, 8, 'IN', '9:00am', '9:15am', '9:30am', 1, '2025-11-12 03:21:59', '0000-00-00 00:00:00'),
(16, 1, 'IN', '9:00am', '9:00am', '9:00am', 1, '2025-11-12 04:03:29', '0000-00-00 00:00:00'),
(17, 1, 'IN', '12:30am', '12:30am', '1:00am', 1, '2026-01-11 03:27:36', '0000-00-00 00:00:00'),
(18, 5, 'IN', '9:00am', '9:30am', '12:00am', 1, '2026-06-08 03:29:55', '2026-06-08 03:29:55'),
(19, 5, 'IN', '9:00am', '9:30am', '12:00am', 1, '2026-06-08 03:32:25', '2026-06-07 20:46:51'),
(20, 5, 'OUT', '5:00pm', '5:30pm', '6:00am', 0, '2026-06-08 03:34:46', '2026-06-08 03:34:46'),
(21, 5, 'IN', '9:00am', '9:30am', '12:00pm', 0, '2026-06-08 03:48:08', '2026-06-08 03:48:08');

-- --------------------------------------------------------

--
-- Stand-in structure for view `vw_attendance`
-- (See below for the actual view)
--
CREATE TABLE `vw_attendance` (
`idemployee` int(11)
,`nik` varchar(30)
,`employeename` varchar(200)
,`deptname` varchar(200)
,`levelname` varchar(200)
,`timecheckin` varchar(10)
,`timecheckout` varchar(10)
,`attendancedate` date
,`totallateperdays` int(11)
,`islates` bigint(1)
);

-- --------------------------------------------------------

--
-- Structure for view `vw_attendance`
--
DROP TABLE IF EXISTS `vw_attendance`;

CREATE ALGORITHM=UNDEFINED DEFINER=`root`@`localhost` SQL SECURITY DEFINER VIEW `vw_attendance`  AS SELECT `a`.`idemployee` AS `idemployee`, `a`.`nik` AS `nik`, `a`.`employeename` AS `employeename`, `d`.`deptname` AS `deptname`, `l`.`levelname` AS `levelname`, coalesce(max(case when `a`.`attendancename` = 'IN' then str_to_date(`a`.`attendancetime`,'%h:%i%p') end),'00:00:00') AS `timecheckin`, coalesce(max(case when `a`.`attendancename` = 'OUT' then str_to_date(`a`.`attendancetime`,'%h:%i%p') end),'00:00:00') AS `timecheckout`, cast(`a`.`created_at` as date) AS `attendancedate`, max(`a`.`totallateperdays`) AS `totallateperdays`, max(case when `a`.`attendancename` = 'IN' and `a`.`islate` = 1 then 1 else 0 end) AS `islates` FROM (((`attendance` `a` left join `employee` `e` on(`a`.`idemployee` = `e`.`idemployee`)) left join `departement` `d` on(`e`.`iddeptemployee` = `d`.`iddept`)) left join `level` `l` on(`e`.`idlevelemployee` = `l`.`idlevel`)) WHERE `a`.`isdeleted` = 0 GROUP BY `a`.`idemployee`, `a`.`nik`, `a`.`employeename`, cast(`a`.`created_at` as date)  ;

--
-- Indexes for dumped tables
--

--
-- Indexes for table `attendance`
--
ALTER TABLE `attendance`
  ADD PRIMARY KEY (`idattendance`),
  ADD KEY `idattendance` (`idattendance`,`idemployee`,`nik`,`employeename`,`attendancename`,`attendancetime`,`islate`,`totallateperdays`,`isdeleted`,`created_at`,`updated_at`),
  ADD KEY `fk_employee_attendance` (`idemployee`);

--
-- Indexes for table `basicsalary`
--
ALTER TABLE `basicsalary`
  ADD PRIMARY KEY (`idsalary`);

--
-- Indexes for table `departement`
--
ALTER TABLE `departement`
  ADD PRIMARY KEY (`iddept`);

--
-- Indexes for table `employee`
--
ALTER TABLE `employee`
  ADD PRIMARY KEY (`idemployee`);

--
-- Indexes for table `level`
--
ALTER TABLE `level`
  ADD PRIMARY KEY (`idlevel`),
  ADD KEY `idlevel` (`idlevel`,`levelname`,`isdeleted`,`created_at`,`updated_at`);

--
-- Indexes for table `overtime`
--
ALTER TABLE `overtime`
  ADD PRIMARY KEY (`idovertime`);

--
-- Indexes for table `resign`
--
ALTER TABLE `resign`
  ADD PRIMARY KEY (`idresign`);

--
-- Indexes for table `roles`
--
ALTER TABLE `roles`
  ADD PRIMARY KEY (`id`);

--
-- Indexes for table `salarypermonth`
--
ALTER TABLE `salarypermonth`
  ADD PRIMARY KEY (`idsalarypermonth`);

--
-- Indexes for table `threshold`
--
ALTER TABLE `threshold`
  ADD PRIMARY KEY (`idthreshold`);

--
-- AUTO_INCREMENT for dumped tables
--

--
-- AUTO_INCREMENT for table `attendance`
--
ALTER TABLE `attendance`
  MODIFY `idattendance` int(11) NOT NULL AUTO_INCREMENT, AUTO_INCREMENT=8;

--
-- AUTO_INCREMENT for table `basicsalary`
--
ALTER TABLE `basicsalary`
  MODIFY `idsalary` int(11) NOT NULL AUTO_INCREMENT, AUTO_INCREMENT=37;

--
-- AUTO_INCREMENT for table `departement`
--
ALTER TABLE `departement`
  MODIFY `iddept` int(11) NOT NULL AUTO_INCREMENT, AUTO_INCREMENT=11;

--
-- AUTO_INCREMENT for table `employee`
--
ALTER TABLE `employee`
  MODIFY `idemployee` int(11) NOT NULL AUTO_INCREMENT, AUTO_INCREMENT=107;

--
-- AUTO_INCREMENT for table `level`
--
ALTER TABLE `level`
  MODIFY `idlevel` int(11) NOT NULL AUTO_INCREMENT, AUTO_INCREMENT=10;

--
-- AUTO_INCREMENT for table `overtime`
--
ALTER TABLE `overtime`
  MODIFY `idovertime` int(11) NOT NULL AUTO_INCREMENT, AUTO_INCREMENT=9;

--
-- AUTO_INCREMENT for table `resign`
--
ALTER TABLE `resign`
  MODIFY `idresign` int(11) NOT NULL AUTO_INCREMENT, AUTO_INCREMENT=3;

--
-- AUTO_INCREMENT for table `roles`
--
ALTER TABLE `roles`
  MODIFY `id` int(100) NOT NULL AUTO_INCREMENT, AUTO_INCREMENT=2;

--
-- AUTO_INCREMENT for table `salarypermonth`
--
ALTER TABLE `salarypermonth`
  MODIFY `idsalarypermonth` int(11) NOT NULL AUTO_INCREMENT, AUTO_INCREMENT=795;

--
-- AUTO_INCREMENT for table `threshold`
--
ALTER TABLE `threshold`
  MODIFY `idthreshold` int(11) NOT NULL AUTO_INCREMENT, AUTO_INCREMENT=22;
COMMIT;

/*!40101 SET CHARACTER_SET_CLIENT=@OLD_CHARACTER_SET_CLIENT */;
/*!40101 SET CHARACTER_SET_RESULTS=@OLD_CHARACTER_SET_RESULTS */;
/*!40101 SET COLLATION_CONNECTION=@OLD_COLLATION_CONNECTION */;
